
> project@0.2.0 test:e2e
> playwright test

[dotenv@17.2.2] injecting env (11) from .env.e2e -- tip: 🔐 encrypt with Dotenvx: https://dotenvx.com

Running 101 tests using 1 worker

[dotenv@17.2.2] injecting env (0) from .env.e2e -- tip: 🔐 prevent committing .env to code: https://dotenvx.com/precommit
[dotenv@17.2.2] injecting env (5) from .env.local,.env -- tip: 📡 version env with Radar: https://dotenvx.com/radar
[e2e] applying pending migrations to the isolated E2E database...
Environment variables loaded from .env
Prisma schema loaded from prisma\schema.prisma
Datasource "db": PostgreSQL database "farmos_e2e", schema "public" at "localhost:5432"

17 migrations found in prisma/migrations


No pending migrations to apply.
[e2e] E2E database migrations applied.
[WebServer] [browser] Clerk: Clerk has been loaded with development keys. Development instances have strict usage limits and should not be used when deploying your application to production. Learn more: https://clerk.com/docs/deployments/overview (https://enabling-gannet-9.clerk.accounts.dev/npm/@clerk/clerk-js@6/dist/clerk.browser.js:12:6133)
[WebServer] [browser] Clerk: Clerk has been loaded with development keys. Development instances have strict usage limits and should not be used when deploying your application to production. Learn more: https://clerk.com/docs/deployments/overview (https://enabling-gannet-9.clerk.accounts.dev/npm/@clerk/clerk-js@6/dist/clerk.browser.js:12:6133)
[WebServer] [browser] Clerk: Clerk has been loaded with development keys. Development instances have strict usage limits and should not be used when deploying your application to production. Learn more: https://clerk.com/docs/deployments/overview (https://enabling-gannet-9.clerk.accounts.dev/npm/@clerk/clerk-js@6/dist/clerk.browser.js:12:6133)
[WebServer] [browser] Clerk: Clerk has been loaded with development keys. Development instances have strict usage limits and should not be used when deploying your application to production. Learn more: https://clerk.com/docs/deployments/overview (https://enabling-gannet-9.clerk.accounts.dev/npm/@clerk/clerk-js@6/dist/clerk.browser.js:12:6133)
  ok   1 [setup] › e2e\global.setup.ts:12:6 › migrate, reset database, seed fixed-pool users and farms, save auth states (29.3s)
[dotenv@17.2.2] injecting env (0) from .env.e2e -- tip: 🔐 encrypt with Dotenvx: https://dotenvx.com
[WebServer] [browser] Clerk: Clerk has been loaded with development keys. Development instances have strict usage limits and should not be used when deploying your application to production. Learn more: https://clerk.com/docs/deployments/overview (https://enabling-gannet-9.clerk.accounts.dev/npm/@clerk/clerk-js@6/dist/clerk.browser.js:12:6133)
  ok   2 [chromium] › e2e\accessibility.spec.ts:18:5 › sign-in page has no critical/serious accessibility violations (8.3s)
[WebServer] [browser] Clerk: Clerk has been loaded with development keys. Development instances have strict usage limits and should not be used when deploying your application to production. Learn more: https://clerk.com/docs/deployments/overview (https://enabling-gannet-9.clerk.accounts.dev/npm/@clerk/clerk-js@6/dist/clerk.browser.js:12:6133)
  ok   3 [chromium] › e2e\accessibility.spec.ts:29:7 › authenticated pages (READY) › dashboard (5.5s)
[WebServer] [browser] Clerk: Clerk has been loaded with development keys. Development instances have strict usage limits and should not be used when deploying your application to production. Learn more: https://clerk.com/docs/deployments/overview (https://enabling-gannet-9.clerk.accounts.dev/npm/@clerk/clerk-js@6/dist/clerk.browser.js:12:6133)
  ok   4 [chromium] › e2e\accessibility.spec.ts:35:7 › authenticated pages (READY) › activities empty/list page (4.9s)
[WebServer] [browser] Clerk: Clerk has been loaded with development keys. Development instances have strict usage limits and should not be used when deploying your application to production. Learn more: https://clerk.com/docs/deployments/overview (https://enabling-gannet-9.clerk.accounts.dev/npm/@clerk/clerk-js@6/dist/clerk.browser.js:12:6133)
  ok   5 [chromium] › e2e\accessibility.spec.ts:41:7 › authenticated pages (READY) › inventory empty state (5.4s)
[WebServer] [browser] Clerk: Clerk has been loaded with development keys. Development instances have strict usage limits and should not be used when deploying your application to production. Learn more: https://clerk.com/docs/deployments/overview (https://enabling-gannet-9.clerk.accounts.dev/npm/@clerk/clerk-js@6/dist/clerk.browser.js:12:6133)
  ok   6 [chromium] › e2e\accessibility.spec.ts:47:7 › authenticated pages (READY) › weather empty state (5.2s)
[WebServer] [browser] Clerk: Clerk has been loaded with development keys. Development instances have strict usage limits and should not be used when deploying your application to production. Learn more: https://clerk.com/docs/deployments/overview (https://enabling-gannet-9.clerk.accounts.dev/npm/@clerk/clerk-js@6/dist/clerk.browser.js:12:6133)
  ok   7 [chromium] › e2e\accessibility.spec.ts:53:7 › authenticated pages (READY) › compliance empty state (4.8s)
[WebServer] [browser] Clerk: Clerk has been loaded with development keys. Development instances have strict usage limits and should not be used when deploying your application to production. Learn more: https://clerk.com/docs/deployments/overview (https://enabling-gannet-9.clerk.accounts.dev/npm/@clerk/clerk-js@6/dist/clerk.browser.js:12:6133)
  ok   8 [chromium] › e2e\accessibility.spec.ts:59:7 › authenticated pages (READY) › onboarding inventory form (revisited post-setup) (4.7s)
[WebServer] [browser] Clerk: Clerk has been loaded with development keys. Development instances have strict usage limits and should not be used when deploying your application to production. Learn more: https://clerk.com/docs/deployments/overview (https://enabling-gannet-9.clerk.accounts.dev/npm/@clerk/clerk-js@6/dist/clerk.browser.js:12:6133)
  ok   9 [chromium] › e2e\accessibility.spec.ts:65:7 › authenticated pages (READY) › Quick Log dialog (type picker) (4.8s)
[WebServer] [browser] Clerk: Clerk has been loaded with development keys. Development instances have strict usage limits and should not be used when deploying your application to production. Learn more: https://clerk.com/docs/deployments/overview (https://enabling-gannet-9.clerk.accounts.dev/npm/@clerk/clerk-js@6/dist/clerk.browser.js:12:6133)
  ok  10 [chromium] › e2e\accessibility.spec.ts:73:7 › authenticated pages (READY) › activity form (spraying) (4.9s)
[WebServer] [browser] Clerk: Clerk has been loaded with development keys. Development instances have strict usage limits and should not be used when deploying your application to production. Learn more: https://clerk.com/docs/deployments/overview (https://enabling-gannet-9.clerk.accounts.dev/npm/@clerk/clerk-js@6/dist/clerk.browser.js:12:6133)
  ok  11 [chromium] › e2e\accessibility.spec.ts:81:7 › authenticated pages (READY) › activity success dialog (5.5s)
[WebServer] [browser] Clerk: Clerk has been loaded with development keys. Development instances have strict usage limits and should not be used when deploying your application to production. Learn more: https://clerk.com/docs/deployments/overview (https://enabling-gannet-9.clerk.accounts.dev/npm/@clerk/clerk-js@6/dist/clerk.browser.js:12:6133)
  ok  12 [chromium] › e2e\accessibility.spec.ts:93:7 › authenticated pages (READY) › keyboard: Tab does not trap focus outside the activity dialog (4.4s)
[WebServer] [browser] Clerk: Clerk has been loaded with development keys. Development instances have strict usage limits and should not be used when deploying your application to production. Learn more: https://clerk.com/docs/deployments/overview (https://enabling-gannet-9.clerk.accounts.dev/npm/@clerk/clerk-js@6/dist/clerk.browser.js:12:6133)
  ok  13 [chromium] › e2e\accessibility.spec.ts:110:7 › authenticated pages (READY) › close button dismisses the activity dialog (3.4s)
[WebServer] [browser] Clerk: Clerk has been loaded with development keys. Development instances have strict usage limits and should not be used when deploying your application to production. Learn more: https://clerk.com/docs/deployments/overview (https://enabling-gannet-9.clerk.accounts.dev/npm/@clerk/clerk-js@6/dist/clerk.browser.js:12:6133)
  ok  14 [chromium] › e2e\accessibility.spec.ts:118:7 › authenticated pages (READY) › Escape dismisses the activity dialog (3.4s)
[WebServer] [browser] Clerk: Clerk has been loaded with development keys. Development instances have strict usage limits and should not be used when deploying your application to production. Learn more: https://clerk.com/docs/deployments/overview (https://enabling-gannet-9.clerk.accounts.dev/npm/@clerk/clerk-js@6/dist/clerk.browser.js:12:6133)
  ok  15 [chromium] › e2e\failure-paths.spec.ts:28:7 › failure paths — pre-seeded farm (READY) › insufficient stock is shown before submit and blocks saving (3.5s)
[WebServer] [browser] Clerk: Clerk has been loaded with development keys. Development instances have strict usage limits and should not be used when deploying your application to production. Learn more: https://clerk.com/docs/deployments/overview (https://enabling-gannet-9.clerk.accounts.dev/npm/@clerk/clerk-js@6/dist/clerk.browser.js:12:6133)
  ok  16 [chromium] › e2e\failure-paths.spec.ts:42:7 › failure paths — pre-seeded farm (READY) › missing required spray fields surface field-level errors, not a blank failure (3.6s)
[WebServer] [browser] Clerk: Clerk has been loaded with development keys. Development instances have strict usage limits and should not be used when deploying your application to production. Learn more: https://clerk.com/docs/deployments/overview (https://enabling-gannet-9.clerk.accounts.dev/npm/@clerk/clerk-js@6/dist/clerk.browser.js:12:6133)
  ok  17 [chromium] › e2e\failure-paths.spec.ts:59:7 › failure paths — pre-seeded farm (READY) › a duplicate season year surfaces a clear conflict message, never a raw Prisma error (3.4s)
[WebServer] [browser] Clerk: Clerk has been loaded with development keys. Development instances have strict usage limits and should not be used when deploying your application to production. Learn more: https://clerk.com/docs/deployments/overview (https://enabling-gannet-9.clerk.accounts.dev/npm/@clerk/clerk-js@6/dist/clerk.browser.js:12:6133)
[WebServer] [browser] Clerk: Clerk has been loaded with development keys. Development instances have strict usage limits and should not be used when deploying your application to production. Learn more: https://clerk.com/docs/deployments/overview (https://enabling-gannet-9.clerk.accounts.dev/npm/@clerk/clerk-js@6/dist/clerk.browser.js:12:6133)
  ok  18 [chromium] › e2e\failure-paths.spec.ts:66:7 › failure paths — pre-seeded farm (READY) › a deleted field can no longer receive an activity (4.1s)
[WebServer] [browser] Clerk: Clerk has been loaded with development keys. Development instances have strict usage limits and should not be used when deploying your application to production. Learn more: https://clerk.com/docs/deployments/overview (https://enabling-gannet-9.clerk.accounts.dev/npm/@clerk/clerk-js@6/dist/clerk.browser.js:12:6133)
[WebServer] [browser] Clerk: Clerk has been loaded with development keys. Development instances have strict usage limits and should not be used when deploying your application to production. Learn more: https://clerk.com/docs/deployments/overview (https://enabling-gannet-9.clerk.accounts.dev/npm/@clerk/clerk-js@6/dist/clerk.browser.js:12:6133)
  ok  19 [chromium] › e2e\failure-paths.spec.ts:91:7 › failure paths — pre-seeded farm (READY) › signed-out action redirects to sign-in instead of failing silently (6.4s)
[WebServer] [browser] Clerk: Clerk has been loaded with development keys. Development instances have strict usage limits and should not be used when deploying your application to production. Learn more: https://clerk.com/docs/deployments/overview (https://enabling-gannet-9.clerk.accounts.dev/npm/@clerk/clerk-js@6/dist/clerk.browser.js:12:6133)
[WebServer] [browser] Clerk: Clerk has been loaded with development keys. Development instances have strict usage limits and should not be used when deploying your application to production. Learn more: https://clerk.com/docs/deployments/overview (https://enabling-gannet-9.clerk.accounts.dev/npm/@clerk/clerk-js@6/dist/clerk.browser.js:12:6133)
  ok  20 [chromium] › e2e\failure-paths.spec.ts:103:7 › failure paths — fresh onboarding user (NEW, reset before each) › onboarding validation failure shows a field error, not a crash (7.2s)
[WebServer] [browser] Clerk: Clerk has been loaded with development keys. Development instances have strict usage limits and should not be used when deploying your application to production. Learn more: https://clerk.com/docs/deployments/overview (https://enabling-gannet-9.clerk.accounts.dev/npm/@clerk/clerk-js@6/dist/clerk.browser.js:12:6133)
[WebServer] [browser] Clerk: Clerk has been loaded with development keys. Development instances have strict usage limits and should not be used when deploying your application to production. Learn more: https://clerk.com/docs/deployments/overview (https://enabling-gannet-9.clerk.accounts.dev/npm/@clerk/clerk-js@6/dist/clerk.browser.js:12:6133)
[WebServer] [browser] Clerk: Clerk has been loaded with development keys. Development instances have strict usage limits and should not be used when deploying your application to production. Learn more: https://clerk.com/docs/deployments/overview (https://enabling-gannet-9.clerk.accounts.dev/npm/@clerk/clerk-js@6/dist/clerk.browser.js:12:6133)
  ok  21 [chromium] › e2e\failure-paths.spec.ts:115:7 › failure paths — fresh onboarding user (NEW, reset before each) › refreshing mid-onboarding resumes at the same step, not the beginning (6.1s)
[WebServer] [browser] Clerk: Clerk has been loaded with development keys. Development instances have strict usage limits and should not be used when deploying your application to production. Learn more: https://clerk.com/docs/deployments/overview (https://enabling-gannet-9.clerk.accounts.dev/npm/@clerk/clerk-js@6/dist/clerk.browser.js:12:6133)
[WebServer] [browser] Clerk: Clerk has been loaded with development keys. Development instances have strict usage limits and should not be used when deploying your application to production. Learn more: https://clerk.com/docs/deployments/overview (https://enabling-gannet-9.clerk.accounts.dev/npm/@clerk/clerk-js@6/dist/clerk.browser.js:12:6133)
  ok  22 [chromium] › e2e\failure-paths.spec.ts:130:7 › failure paths — fresh onboarding user (NEW, reset before each) › browser back/forward mid-onboarding does not corrupt wizard state (6.0s)
[WebServer] [browser] Clerk: Clerk has been loaded with development keys. Development instances have strict usage limits and should not be used when deploying your application to production. Learn more: https://clerk.com/docs/deployments/overview (https://enabling-gannet-9.clerk.accounts.dev/npm/@clerk/clerk-js@6/dist/clerk.browser.js:12:6133)
[WebServer] [browser] Clerk: Clerk has been loaded with development keys. Development instances have strict usage limits and should not be used when deploying your application to production. Learn more: https://clerk.com/docs/deployments/overview (https://enabling-gannet-9.clerk.accounts.dev/npm/@clerk/clerk-js@6/dist/clerk.browser.js:12:6133)
[WebServer] [browser] Clerk: Clerk has been loaded with development keys. Development instances have strict usage limits and should not be used when deploying your application to production. Learn more: https://clerk.com/docs/deployments/overview (https://enabling-gannet-9.clerk.accounts.dev/npm/@clerk/clerk-js@6/dist/clerk.browser.js:12:6133)
[WebServer] [browser] Clerk: Clerk has been loaded with development keys. Development instances have strict usage limits and should not be used when deploying your application to production. Learn more: https://clerk.com/docs/deployments/overview (https://enabling-gannet-9.clerk.accounts.dev/npm/@clerk/clerk-js@6/dist/clerk.browser.js:12:6133)
[WebServer] [browser] Clerk: Clerk has been loaded with development keys. Development instances have strict usage limits and should not be used when deploying your application to production. Learn more: https://clerk.com/docs/deployments/overview (https://enabling-gannet-9.clerk.accounts.dev/npm/@clerk/clerk-js@6/dist/clerk.browser.js:12:6133)
[WebServer] [browser] Clerk: Clerk has been loaded with development keys. Development instances have strict usage limits and should not be used when deploying your application to production. Learn more: https://clerk.com/docs/deployments/overview (https://enabling-gannet-9.clerk.accounts.dev/npm/@clerk/clerk-js@6/dist/clerk.browser.js:12:6133)
[WebServer] [browser] Clerk: Clerk has been loaded with development keys. Development instances have strict usage limits and should not be used when deploying your application to production. Learn more: https://clerk.com/docs/deployments/overview (https://enabling-gannet-9.clerk.accounts.dev/npm/@clerk/clerk-js@6/dist/clerk.browser.js:12:6133)
[WebServer] [browser] Clerk: Clerk has been loaded with development keys. Development instances have strict usage limits and should not be used when deploying your application to production. Learn more: https://clerk.com/docs/deployments/overview (https://enabling-gannet-9.clerk.accounts.dev/npm/@clerk/clerk-js@6/dist/clerk.browser.js:12:6133)
[WebServer] [browser] Clerk: Clerk has been loaded with development keys. Development instances have strict usage limits and should not be used when deploying your application to production. Learn more: https://clerk.com/docs/deployments/overview (https://enabling-gannet-9.clerk.accounts.dev/npm/@clerk/clerk-js@6/dist/clerk.browser.js:12:6133)
[WebServer] [browser] Clerk: Clerk has been loaded with development keys. Development instances have strict usage limits and should not be used when deploying your application to production. Learn more: https://clerk.com/docs/deployments/overview (https://enabling-gannet-9.clerk.accounts.dev/npm/@clerk/clerk-js@6/dist/clerk.browser.js:12:6133)
[WebServer] [browser] Clerk: Clerk has been loaded with development keys. Development instances have strict usage limits and should not be used when deploying your application to production. Learn more: https://clerk.com/docs/deployments/overview (https://enabling-gannet-9.clerk.accounts.dev/npm/@clerk/clerk-js@6/dist/clerk.browser.js:12:6133)
[WebServer] [browser] Clerk: Clerk has been loaded with development keys. Development instances have strict usage limits and should not be used when deploying your application to production. Learn more: https://clerk.com/docs/deployments/overview (https://enabling-gannet-9.clerk.accounts.dev/npm/@clerk/clerk-js@6/dist/clerk.browser.js:12:6133)
[WebServer] [browser] Clerk: Clerk has been loaded with development keys. Development instances have strict usage limits and should not be used when deploying your application to production. Learn more: https://clerk.com/docs/deployments/overview (https://enabling-gannet-9.clerk.accounts.dev/npm/@clerk/clerk-js@6/dist/clerk.browser.js:12:6133)
  ok  23 [chromium] › e2e\founder-walkthrough.spec.ts:21:5 › founder pre-beta walkthrough — all 21 items (25.3s)
[WebServer] [browser] Clerk: Clerk has been loaded with development keys. Development instances have strict usage limits and should not be used when deploying your application to production. Learn more: https://clerk.com/docs/deployments/overview (https://enabling-gannet-9.clerk.accounts.dev/npm/@clerk/clerk-js@6/dist/clerk.browser.js:12:6133)
[WebServer] [browser] Clerk: Clerk has been loaded with development keys. Development instances have strict usage limits and should not be used when deploying your application to production. Learn more: https://clerk.com/docs/deployments/overview (https://enabling-gannet-9.clerk.accounts.dev/npm/@clerk/clerk-js@6/dist/clerk.browser.js:12:6133)
[WebServer] [browser] Clerk: Clerk has been loaded with development keys. Development instances have strict usage limits and should not be used when deploying your application to production. Learn more: https://clerk.com/docs/deployments/overview (https://enabling-gannet-9.clerk.accounts.dev/npm/@clerk/clerk-js@6/dist/clerk.browser.js:12:6133)
[WebServer] [browser] Clerk: Clerk has been loaded with development keys. Development instances have strict usage limits and should not be used when deploying your application to production. Learn more: https://clerk.com/docs/deployments/overview (https://enabling-gannet-9.clerk.accounts.dev/npm/@clerk/clerk-js@6/dist/clerk.browser.js:12:6133)
  ok  24 [chromium] › e2e\golden-path.spec.ts:24:5 › golden path: sign-in through first activity and back (13.1s)
[WebServer] [browser] Clerk: Clerk has been loaded with development keys. Development instances have strict usage limits and should not be used when deploying your application to production. Learn more: https://clerk.com/docs/deployments/overview (https://enabling-gannet-9.clerk.accounts.dev/npm/@clerk/clerk-js@6/dist/clerk.browser.js:12:6133)
  ok  25 [chromium] › e2e\isolation.spec.ts:31:7 › UI never surfaces another farm's data › Fields page shows only this farm's field (3.9s)
[WebServer] [browser] Clerk: Clerk has been loaded with development keys. Development instances have strict usage limits and should not be used when deploying your application to production. Learn more: https://clerk.com/docs/deployments/overview (https://enabling-gannet-9.clerk.accounts.dev/npm/@clerk/clerk-js@6/dist/clerk.browser.js:12:6133)
  ok  26 [chromium] › e2e\isolation.spec.ts:37:7 › UI never surfaces another farm's data › Inventory page never mentions the other farm's product by name collision (3.5s)
[WebServer] [browser] Clerk: Clerk has been loaded with development keys. Development instances have strict usage limits and should not be used when deploying your application to production. Learn more: https://clerk.com/docs/deployments/overview (https://enabling-gannet-9.clerk.accounts.dev/npm/@clerk/clerk-js@6/dist/clerk.browser.js:12:6133)
  ok  27 [chromium] › e2e\isolation.spec.ts:44:7 › UI never surfaces another farm's data › Activities page shows no record tied to the other farm (3.8s)
[WebServer] [browser] Clerk: Clerk has been loaded with development keys. Development instances have strict usage limits and should not be used when deploying your application to production. Learn more: https://clerk.com/docs/deployments/overview (https://enabling-gannet-9.clerk.accounts.dev/npm/@clerk/clerk-js@6/dist/clerk.browser.js:12:6133)
  ok  28 [chromium] › e2e\isolation.spec.ts:49:7 › UI never surfaces another farm's data › Compliance page shows no record tied to the other farm (4.5s)
[WebServer] [browser] Clerk: Clerk has been loaded with development keys. Development instances have strict usage limits and should not be used when deploying your application to production. Learn more: https://clerk.com/docs/deployments/overview (https://enabling-gannet-9.clerk.accounts.dev/npm/@clerk/clerk-js@6/dist/clerk.browser.js:12:6133)
[WebServer] [createActivity] Error: Product does not belong to this farm.
[WebServer]     at <unknown> (src\lib\actions\activities.ts:233:44)
[WebServer]     at async createActivity (src\lib\actions\activities.ts:159:20)
[WebServer]     at async POST (src\app\api\offline\sync\route.ts:36:18)
[WebServer]   231 |
[WebServer]   232 |         if (!item) throw new Error('Product not found.');
[WebServer] > 233 |         if (item.farmId !== farm.id) throw new Error('Product does not belong to this far...
[WebServer]       |                                            ^
[WebServer]   234 |
[WebServer]   235 |         const totalUsed = d.dosePerHa * d.areaHa;
[WebServer]   236 |         // Application-level pre-check for a friendly error message — only
  ok  29 [chromium] › e2e\isolation.spec.ts:56:7 › server rejects another farm's ids even if submitted › rejects Farm C's product id on a spray activity (4.3s)
[WebServer] [browser] Clerk: Clerk has been loaded with development keys. Development instances have strict usage limits and should not be used when deploying your application to production. Learn more: https://clerk.com/docs/deployments/overview (https://enabling-gannet-9.clerk.accounts.dev/npm/@clerk/clerk-js@6/dist/clerk.browser.js:12:6133)
[WebServer] [createActivity] Error: Machine does not belong to this farm.
[WebServer]     at <unknown> (src\lib\actions\activities.ts:279:47)
[WebServer]     at async createActivity (src\lib\actions\activities.ts:159:20)
[WebServer]     at async POST (src\app\api\offline\sync\route.ts:36:18)
[WebServer]   277 | ...     });
[WebServer]   278 | ...     if (!machine) throw new Error('Machine not found.');
[WebServer] > 279 | ...     if (machine.farmId !== farm.id) throw new Error('Machine does not belong to this ...
[WebServer]       |                                               ^
[WebServer]   280 | ...     machineName = machine.name;
[WebServer]   281 | ...   }
[WebServer]   282 | ...   if (d.fuelInventoryItemId) {
  ok  30 [chromium] › e2e\isolation.spec.ts:83:7 › server rejects another farm's ids even if submitted › rejects Farm C's machine id on a spray activity (4.6s)
[WebServer] [browser] Clerk: Clerk has been loaded with development keys. Development instances have strict usage limits and should not be used when deploying your application to production. Learn more: https://clerk.com/docs/deployments/overview (https://enabling-gannet-9.clerk.accounts.dev/npm/@clerk/clerk-js@6/dist/clerk.browser.js:12:6133)
[WebServer] [createActivity] Error: Field not found or does not belong to this farm.
[WebServer]     at <unknown> (src\lib\actions\activities.ts:172:15)
[WebServer]     at async createActivity (src\lib\actions\activities.ts:159:20)
[WebServer]     at async POST (src\app\api\offline\sync\route.ts:36:18)
[WebServer]   170 |       });
[WebServer]   171 |       if (!fieldSeason) {
[WebServer] > 172 |         throw new Error('Field not found or does not belong to this farm.');
[WebServer]       |               ^
[WebServer]   173 |       }
[WebServer]   174 |
[WebServer]   175 |       const workOrder = d.workOrderId ? await tx.workOrder.findFirst({
  ok  31 [chromium] › e2e\isolation.spec.ts:107:7 › server rejects another farm's ids even if submitted › rejects Farm C's fieldSeason id on any activity (4.1s)
  ok  32 [chromium] › e2e\pilot\smoke.spec.ts:3:5 › public health is safe and database is reachable (26ms)
[WebServer] [browser] Clerk: Clerk has been loaded with development keys. Development instances have strict usage limits and should not be used when deploying your application to production. Learn more: https://clerk.com/docs/deployments/overview (https://enabling-gannet-9.clerk.accounts.dev/npm/@clerk/clerk-js@6/dist/clerk.browser.js:12:6133)
  ok  33 [chromium] › e2e\pilot\smoke.spec.ts:4:5 › public root and sign-in load (4.1s)
[WebServer] [browser] Clerk: Clerk has been loaded with development keys. Development instances have strict usage limits and should not be used when deploying your application to production. Learn more: https://clerk.com/docs/deployments/overview (https://enabling-gannet-9.clerk.accounts.dev/npm/@clerk/clerk-js@6/dist/clerk.browser.js:12:6133)
  ok  34 [chromium] › e2e\pilot\smoke.spec.ts:5:5 › anonymous protected routes redirect to sign-in (3.9s)
  ok  35 [chromium] › e2e\pilot\smoke.spec.ts:6:5 › manifest and service worker are delivered safely (21ms)
  -   36 [chromium] › e2e\pilot\smoke.spec.ts:7:5 › authenticated smoke account reaches pilot pages
[WebServer] [browser] Clerk: Clerk has been loaded with development keys. Development instances have strict usage limits and should not be used when deploying your application to production. Learn more: https://clerk.com/docs/deployments/overview (https://enabling-gannet-9.clerk.accounts.dev/npm/@clerk/clerk-js@6/dist/clerk.browser.js:12:6133)
  ok  37 [chromium] › e2e\sprint16-close-the-loops.spec.ts:19:7 › golden flow 1 — spray suitability inside the real activity flow › shows a real suitability review before saving, then completes the activity end-to-end (5.0s)
[WebServer] [browser] Clerk: Clerk has been loaded with development keys. Development instances have strict usage limits and should not be used when deploying your application to production. Learn more: https://clerk.com/docs/deployments/overview (https://enabling-gannet-9.clerk.accounts.dev/npm/@clerk/clerk-js@6/dist/clerk.browser.js:12:6133)
[WebServer] [browser] Clerk: Clerk has been loaded with development keys. Development instances have strict usage limits and should not be used when deploying your application to production. Learn more: https://clerk.com/docs/deployments/overview (https://enabling-gannet-9.clerk.accounts.dev/npm/@clerk/clerk-js@6/dist/clerk.browser.js:12:6133)
  ok  38 [chromium] › e2e\sprint16-close-the-loops.spec.ts:51:7 › golden flow 1 — spray suitability inside the real activity flow › completed activity appears in Activities history and Compliance, dashboard reflects it (4.5s)
[WebServer] [browser] Clerk: Clerk has been loaded with development keys. Development instances have strict usage limits and should not be used when deploying your application to production. Learn more: https://clerk.com/docs/deployments/overview (https://enabling-gannet-9.clerk.accounts.dev/npm/@clerk/clerk-js@6/dist/clerk.browser.js:12:6133)
[WebServer] [browser] Clerk: Clerk has been loaded with development keys. Development instances have strict usage limits and should not be used when deploying your application to production. Learn more: https://clerk.com/docs/deployments/overview (https://enabling-gannet-9.clerk.accounts.dev/npm/@clerk/clerk-js@6/dist/clerk.browser.js:12:6133)
[WebServer] [browser] Clerk: Clerk has been loaded with development keys. Development instances have strict usage limits and should not be used when deploying your application to production. Learn more: https://clerk.com/docs/deployments/overview (https://enabling-gannet-9.clerk.accounts.dev/npm/@clerk/clerk-js@6/dist/clerk.browser.js:12:6133)
  ok  39 [chromium] › e2e\sprint16-close-the-loops.spec.ts:64:7 › golden flow 2 — real Finance cost tracking › recorded cost and completeness reflect a real priced activity (8.5s)
[WebServer] [browser] Clerk: Clerk has been loaded with development keys. Development instances have strict usage limits and should not be used when deploying your application to production. Learn more: https://clerk.com/docs/deployments/overview (https://enabling-gannet-9.clerk.accounts.dev/npm/@clerk/clerk-js@6/dist/clerk.browser.js:12:6133)
[WebServer] [browser] Clerk: Clerk has been loaded with development keys. Development instances have strict usage limits and should not be used when deploying your application to production. Learn more: https://clerk.com/docs/deployments/overview (https://enabling-gannet-9.clerk.accounts.dev/npm/@clerk/clerk-js@6/dist/clerk.browser.js:12:6133)
  ok  40 [chromium] › e2e\sprint16-close-the-loops.spec.ts:107:7 › golden flow 3 — real Farm Insights from a low-stock condition › a low-stock insight appears and its action leads to Inventory (6.5s)
[WebServer] [browser] Clerk: Clerk has been loaded with development keys. Development instances have strict usage limits and should not be used when deploying your application to production. Learn more: https://clerk.com/docs/deployments/overview (https://enabling-gannet-9.clerk.accounts.dev/npm/@clerk/clerk-js@6/dist/clerk.browser.js:12:6133)
[Clerk Testing] FAPI request failed after 4 attempts: https://enabling-gannet-9.clerk.accounts.dev/v1/client?__clerk_api_version=2026-05-12&_clerk_js_version=6.25.3&__clerk_db_jwt=dvb_3GfrAhzMKj4IGsgtDowe2GSFPJo (Error: route.fetch: Test ended.)
[Clerk Testing] FAPI request failed after 4 attempts: https://enabling-gannet-9.clerk.accounts.dev/v1/environment?__clerk_api_version=2026-05-12&_clerk_js_version=6.25.3&_method=PATCH&__clerk_db_jwt=dvb_3GfrAhzMKj4IGsgtDowe2GSFPJo (Error: route.fetch: Test ended.)
[WebServer] [browser] Clerk: Clerk has been loaded with development keys. Development instances have strict usage limits and should not be used when deploying your application to production. Learn more: https://clerk.com/docs/deployments/overview (https://enabling-gannet-9.clerk.accounts.dev/npm/@clerk/clerk-js@6/dist/clerk.browser.js:12:6133)
[WebServer] [evaluateSpraySuitability:fetchWeather] Error: Open-Meteo API error: 400
[WebServer]     at fetchWeatherUncached (src\lib\weather.ts:77:11)
[WebServer]     at async evaluateSpraySuitability (src\lib\actions\spray-suitability.ts:120:17)
[WebServer]   75 |
[WebServer]   76 |   if (!res.ok) {
[WebServer] > 77 |     throw new Error(`Open-Meteo API error: ${res.status}`);
[WebServer]      |           ^
[WebServer]   78 |   }
[WebServer]   79 |
[WebServer]   80 |   const raw = await res.json();
  ok  41 [chromium] › e2e\sprint16-close-the-loops.spec.ts:143:7 › failure flow — missing weather and missing product constraints › a real weather-fetch failure surfaces an honest message, not a silent crash (6.6s)
[WebServer] [browser] Clerk: Clerk has been loaded with development keys. Development instances have strict usage limits and should not be used when deploying your application to production. Learn more: https://clerk.com/docs/deployments/overview (https://enabling-gannet-9.clerk.accounts.dev/npm/@clerk/clerk-js@6/dist/clerk.browser.js:12:6133)
[WebServer] [browser] Clerk: Clerk has been loaded with development keys. Development instances have strict usage limits and should not be used when deploying your application to production. Learn more: https://clerk.com/docs/deployments/overview (https://enabling-gannet-9.clerk.accounts.dev/npm/@clerk/clerk-js@6/dist/clerk.browser.js:12:6133)
[WebServer] [browser] Clerk: Clerk has been loaded with development keys. Development instances have strict usage limits and should not be used when deploying your application to production. Learn more: https://clerk.com/docs/deployments/overview (https://enabling-gannet-9.clerk.accounts.dev/npm/@clerk/clerk-js@6/dist/clerk.browser.js:12:6133)
[WebServer] [browser] Clerk: Clerk has been loaded with development keys. Development instances have strict usage limits and should not be used when deploying your application to production. Learn more: https://clerk.com/docs/deployments/overview (https://enabling-gannet-9.clerk.accounts.dev/npm/@clerk/clerk-js@6/dist/clerk.browser.js:12:6133)
[WebServer] [browser] Clerk: Clerk has been loaded with development keys. Development instances have strict usage limits and should not be used when deploying your application to production. Learn more: https://clerk.com/docs/deployments/overview (https://enabling-gannet-9.clerk.accounts.dev/npm/@clerk/clerk-js@6/dist/clerk.browser.js:12:6133)
  ok  42 [chromium] › e2e\sprint18-ctgb-brp.spec.ts:17:7 › Flow A — Ctgb product search through a completed, verified spray › search official product, add to inventory, plan and complete a spray, verify the immutable compliance snapshot (12.9s)
[WebServer] [browser] Clerk: Clerk has been loaded with development keys. Development instances have strict usage limits and should not be used when deploying your application to production. Learn more: https://clerk.com/docs/deployments/overview (https://enabling-gannet-9.clerk.accounts.dev/npm/@clerk/clerk-js@6/dist/clerk.browser.js:12:6133)
[WebServer] [browser] Clerk: Clerk has been loaded with development keys. Development instances have strict usage limits and should not be used when deploying your application to production. Learn more: https://clerk.com/docs/deployments/overview (https://enabling-gannet-9.clerk.accounts.dev/npm/@clerk/clerk-js@6/dist/clerk.browser.js:12:6133)
  ok  43 [chromium] › e2e\sprint18-ctgb-brp.spec.ts:89:7 › Flow A — Ctgb product search through a completed, verified spray › Ctgb unavailable: search shows an honest unavailable state, manual entry still works (6.8s)
[WebServer] [browser] Clerk: Clerk has been loaded with development keys. Development instances have strict usage limits and should not be used when deploying your application to production. Learn more: https://clerk.com/docs/deployments/overview (https://enabling-gannet-9.clerk.accounts.dev/npm/@clerk/clerk-js@6/dist/clerk.browser.js:12:6133)
[WebServer] [browser] Clerk: Clerk has been loaded with development keys. Development instances have strict usage limits and should not be used when deploying your application to production. Learn more: https://clerk.com/docs/deployments/overview (https://enabling-gannet-9.clerk.accounts.dev/npm/@clerk/clerk-js@6/dist/clerk.browser.js:12:6133)
[WebServer] [browser] Clerk: Clerk has been loaded with development keys. Development instances have strict usage limits and should not be used when deploying your application to production. Learn more: https://clerk.com/docs/deployments/overview (https://enabling-gannet-9.clerk.accounts.dev/npm/@clerk/clerk-js@6/dist/clerk.browser.js:12:6133)
  ok  44 [chromium] › e2e\sprint18-ctgb-brp.spec.ts:129:7 › Flow B — BRP parcel import › search near farm, select a parcel, confirm import, then reject a duplicate import of the same parcel (7.0s)
[WebServer] [browser] Clerk: Clerk has been loaded with development keys. Development instances have strict usage limits and should not be used when deploying your application to production. Learn more: https://clerk.com/docs/deployments/overview (https://enabling-gannet-9.clerk.accounts.dev/npm/@clerk/clerk-js@6/dist/clerk.browser.js:12:6133)
[Clerk Testing] FAPI request failed after 4 attempts: https://enabling-gannet-9.clerk.accounts.dev/v1/client?__clerk_api_version=2026-05-12&_clerk_js_version=6.25.3&__clerk_db_jwt=dvb_3GfrEfyFRvQtmubyhCv3PgT9UJ6 (Error: route.fetch: Test ended.)
[Clerk Testing] FAPI request failed after 4 attempts: https://enabling-gannet-9.clerk.accounts.dev/v1/environment?__clerk_api_version=2026-05-12&_clerk_js_version=6.25.3&_method=PATCH&__clerk_db_jwt=dvb_3GfrEfyFRvQtmubyhCv3PgT9UJ6 (Error: route.fetch: Test ended.)
[WebServer] [browser] Clerk: Clerk has been loaded with development keys. Development instances have strict usage limits and should not be used when deploying your application to production. Learn more: https://clerk.com/docs/deployments/overview (https://enabling-gannet-9.clerk.accounts.dev/npm/@clerk/clerk-js@6/dist/clerk.browser.js:12:6133)
[WebServer] [browser] Clerk: Clerk has been loaded with development keys. Development instances have strict usage limits and should not be used when deploying your application to production. Learn more: https://clerk.com/docs/deployments/overview (https://enabling-gannet-9.clerk.accounts.dev/npm/@clerk/clerk-js@6/dist/clerk.browser.js:12:6133)
[WebServer] [browser] Clerk: Clerk has been loaded with development keys. Development instances have strict usage limits and should not be used when deploying your application to production. Learn more: https://clerk.com/docs/deployments/overview (https://enabling-gannet-9.clerk.accounts.dev/npm/@clerk/clerk-js@6/dist/clerk.browser.js:12:6133)
  ok  45 [chromium] › e2e\sprint18-ctgb-brp.spec.ts:160:7 › Flow B — BRP parcel import › no parcels found shows an honest empty state; PDOK unavailable falls back to manual field creation (7.0s)
[Clerk Testing] FAPI request failed after 4 attempts: https://enabling-gannet-9.clerk.accounts.dev/v1/client?__clerk_api_version=2026-05-12&_clerk_js_version=6.25.3&__clerk_db_jwt=dvb_3GfrFb59CMIedDTC40NsGO22lkL (Error: route.fetch: Test ended.)
[WebServer] [browser] Clerk: Clerk has been loaded with development keys. Development instances have strict usage limits and should not be used when deploying your application to production. Learn more: https://clerk.com/docs/deployments/overview (https://enabling-gannet-9.clerk.accounts.dev/npm/@clerk/clerk-js@6/dist/clerk.browser.js:12:6133)
[Clerk Testing] FAPI request failed after 4 attempts: https://enabling-gannet-9.clerk.accounts.dev/v1/environment?__clerk_api_version=2026-05-12&_clerk_js_version=6.25.3&_method=PATCH&__clerk_db_jwt=dvb_3GfrFb59CMIedDTC40NsGO22lkL (Error: route.fetch: Test ended.)
[WebServer] [browser] Clerk: Clerk has been loaded with development keys. Development instances have strict usage limits and should not be used when deploying your application to production. Learn more: https://clerk.com/docs/deployments/overview (https://enabling-gannet-9.clerk.accounts.dev/npm/@clerk/clerk-js@6/dist/clerk.browser.js:12:6133)
[WebServer] [browser] Clerk: Clerk has been loaded with development keys. Development instances have strict usage limits and should not be used when deploying your application to production. Learn more: https://clerk.com/docs/deployments/overview (https://enabling-gannet-9.clerk.accounts.dev/npm/@clerk/clerk-js@6/dist/clerk.browser.js:12:6133)
[WebServer] [browser] Clerk: Clerk has been loaded with development keys. Development instances have strict usage limits and should not be used when deploying your application to production. Learn more: https://clerk.com/docs/deployments/overview (https://enabling-gannet-9.clerk.accounts.dev/npm/@clerk/clerk-js@6/dist/clerk.browser.js:12:6133)
  ok  46 [chromium] › e2e\sprint19-compliance-corrections.spec.ts:32:7 › Flow A — completed record correction › correct treated area, verify original preserved and inventory reconciled (8.7s)
[WebServer] [browser] Clerk: Clerk has been loaded with development keys. Development instances have strict usage limits and should not be used when deploying your application to production. Learn more: https://clerk.com/docs/deployments/overview (https://enabling-gannet-9.clerk.accounts.dev/npm/@clerk/clerk-js@6/dist/clerk.browser.js:12:6133)
[WebServer] [browser] Clerk: Clerk has been loaded with development keys. Development instances have strict usage limits and should not be used when deploying your application to production. Learn more: https://clerk.com/docs/deployments/overview (https://enabling-gannet-9.clerk.accounts.dev/npm/@clerk/clerk-js@6/dist/clerk.browser.js:12:6133)
[WebServer] [browser] Clerk: Clerk has been loaded with development keys. Development instances have strict usage limits and should not be used when deploying your application to production. Learn more: https://clerk.com/docs/deployments/overview (https://enabling-gannet-9.clerk.accounts.dev/npm/@clerk/clerk-js@6/dist/clerk.browser.js:12:6133)
[WebServer] [browser] Clerk: Clerk has been loaded with development keys. Development instances have strict usage limits and should not be used when deploying your application to production. Learn more: https://clerk.com/docs/deployments/overview (https://enabling-gannet-9.clerk.accounts.dev/npm/@clerk/clerk-js@6/dist/clerk.browser.js:12:6133)
[WebServer] [browser] Clerk: Clerk has been loaded with development keys. Development instances have strict usage limits and should not be used when deploying your application to production. Learn more: https://clerk.com/docs/deployments/overview (https://enabling-gannet-9.clerk.accounts.dev/npm/@clerk/clerk-js@6/dist/clerk.browser.js:12:6133)
  ok  47 [chromium] › e2e\sprint19-compliance-corrections.spec.ts:94:7 › Flow B — reversal › reverse a completed spray, verify stock restored and default totals exclude it (12.3s)
[WebServer] [browser] Clerk: Clerk has been loaded with development keys. Development instances have strict usage limits and should not be used when deploying your application to production. Learn more: https://clerk.com/docs/deployments/overview (https://enabling-gannet-9.clerk.accounts.dev/npm/@clerk/clerk-js@6/dist/clerk.browser.js:12:6133)
[WebServer] [browser] Clerk: Clerk has been loaded with development keys. Development instances have strict usage limits and should not be used when deploying your application to production. Learn more: https://clerk.com/docs/deployments/overview (https://enabling-gannet-9.clerk.accounts.dev/npm/@clerk/clerk-js@6/dist/clerk.browser.js:12:6133)
[WebServer] [browser] Clerk: Clerk has been loaded with development keys. Development instances have strict usage limits and should not be used when deploying your application to production. Learn more: https://clerk.com/docs/deployments/overview (https://enabling-gannet-9.clerk.accounts.dev/npm/@clerk/clerk-js@6/dist/clerk.browser.js:12:6133)
  ok  48 [chromium] › e2e\sprint19-compliance-corrections.spec.ts:133:7 › Flow C — PDF export › export current season as PDF, verify download, export id and disclaimer (6.9s)
[WebServer] [browser] Clerk: Clerk has been loaded with development keys. Development instances have strict usage limits and should not be used when deploying your application to production. Learn more: https://clerk.com/docs/deployments/overview (https://enabling-gannet-9.clerk.accounts.dev/npm/@clerk/clerk-js@6/dist/clerk.browser.js:12:6133)
[WebServer] [browser] Clerk: Clerk has been loaded with development keys. Development instances have strict usage limits and should not be used when deploying your application to production. Learn more: https://clerk.com/docs/deployments/overview (https://enabling-gannet-9.clerk.accounts.dev/npm/@clerk/clerk-js@6/dist/clerk.browser.js:12:6133)
[WebServer] [browser] Clerk: Clerk has been loaded with development keys. Development instances have strict usage limits and should not be used when deploying your application to production. Learn more: https://clerk.com/docs/deployments/overview (https://enabling-gannet-9.clerk.accounts.dev/npm/@clerk/clerk-js@6/dist/clerk.browser.js:12:6133)
  ok  49 [chromium] › e2e\sprint19-compliance-corrections.spec.ts:163:7 › Flow D — CSV export › export as CSV, verify download, row shape, and formula-injection escaping (6.5s)
[WebServer] [browser] Clerk: Clerk has been loaded with development keys. Development instances have strict usage limits and should not be used when deploying your application to production. Learn more: https://clerk.com/docs/deployments/overview (https://enabling-gannet-9.clerk.accounts.dev/npm/@clerk/clerk-js@6/dist/clerk.browser.js:12:6133)
  ok  50 [chromium] › e2e\sprint19-compliance-corrections.spec.ts:199:7 › Flow E — cross-farm attack › another farm's compliance/correction/export ids are rejected server-side (5.1s)
[WebServer] [browser] Clerk: Clerk has been loaded with development keys. Development instances have strict usage limits and should not be used when deploying your application to production. Learn more: https://clerk.com/docs/deployments/overview (https://enabling-gannet-9.clerk.accounts.dev/npm/@clerk/clerk-js@6/dist/clerk.browser.js:12:6133)
  ok  51 [chromium] › e2e\sprint20-offline-sync.spec.ts:5:5 › offline scouting draft survives locally and synchronizes once after reconnection (5.0s)
  ok  52 [chromium] › e2e\sprint20-offline-sync.spec.ts:33:5 › service worker and manifest are available without caching API responses (4.2s)
[WebServer] [browser] Clerk: Clerk has been loaded with development keys. Development instances have strict usage limits and should not be used when deploying your application to production. Learn more: https://clerk.com/docs/deployments/overview (https://enabling-gannet-9.clerk.accounts.dev/npm/@clerk/clerk-js@6/dist/clerk.browser.js:12:6133)
[WebServer] [browser] Clerk: Clerk has been loaded with development keys. Development instances have strict usage limits and should not be used when deploying your application to production. Learn more: https://clerk.com/docs/deployments/overview (https://enabling-gannet-9.clerk.accounts.dev/npm/@clerk/clerk-js@6/dist/clerk.browser.js:12:6133)
[WebServer] [browser] Clerk: Clerk has been loaded with development keys. Development instances have strict usage limits and should not be used when deploying your application to production. Learn more: https://clerk.com/docs/deployments/overview (https://enabling-gannet-9.clerk.accounts.dev/npm/@clerk/clerk-js@6/dist/clerk.browser.js:12:6133)
  ok  53 [chromium] › e2e\sprint23-workorder-lifecycle.spec.ts:100:7 › Flow A — plan item converts to exactly one work order › a season plan item generates one linked work order and no activity yet (7.3s)
[WebServer] [browser] Clerk: Clerk has been loaded with development keys. Development instances have strict usage limits and should not be used when deploying your application to production. Learn more: https://clerk.com/docs/deployments/overview (https://enabling-gannet-9.clerk.accounts.dev/npm/@clerk/clerk-js@6/dist/clerk.browser.js:12:6133)
[WebServer] [browser] Clerk: Clerk has been loaded with development keys. Development instances have strict usage limits and should not be used when deploying your application to production. Learn more: https://clerk.com/docs/deployments/overview (https://enabling-gannet-9.clerk.accounts.dev/npm/@clerk/clerk-js@6/dist/clerk.browser.js:12:6133)
[WebServer] [browser] Clerk: Clerk has been loaded with development keys. Development instances have strict usage limits and should not be used when deploying your application to production. Learn more: https://clerk.com/docs/deployments/overview (https://enabling-gannet-9.clerk.accounts.dev/npm/@clerk/clerk-js@6/dist/clerk.browser.js:12:6133)
  ok  54 [chromium] › e2e\sprint23-workorder-lifecycle.spec.ts:140:7 › Flow B — reserving inventory reduces available-to-plan, not physical stock › reservation holds stock and a duplicate over-reservation is prevented (6.2s)
[WebServer] [browser] Clerk: Clerk has been loaded with development keys. Development instances have strict usage limits and should not be used when deploying your application to production. Learn more: https://clerk.com/docs/deployments/overview (https://enabling-gannet-9.clerk.accounts.dev/npm/@clerk/clerk-js@6/dist/clerk.browser.js:12:6133)
[Clerk Testing] FAPI request failed after 4 attempts: https://enabling-gannet-9.clerk.accounts.dev/v1/environment?__clerk_api_version=2026-05-12&_clerk_js_version=6.25.3&_method=PATCH&__clerk_db_jwt=dvb_3GfrNhAVUbmC0mHoKKDx4SzDQPZ (Error: route.fetch: Test ended.)
[Clerk Testing] FAPI request failed after 4 attempts: https://enabling-gannet-9.clerk.accounts.dev/v1/client?__clerk_api_version=2026-05-12&_clerk_js_version=6.25.3&__clerk_db_jwt=dvb_3GfrNhAVUbmC0mHoKKDx4SzDQPZ (Error: route.fetch: Test ended.)
[WebServer] [browser] Clerk: Clerk has been loaded with development keys. Development instances have strict usage limits and should not be used when deploying your application to production. Learn more: https://clerk.com/docs/deployments/overview (https://enabling-gannet-9.clerk.accounts.dev/npm/@clerk/clerk-js@6/dist/clerk.browser.js:12:6133)
  ok  55 [chromium] › e2e\sprint23-workorder-lifecycle.spec.ts:176:7 › Flow C — blockers are explained and create no side effects › insufficient stock is rejected with no work order and no stock deduction (7.2s)
[WebServer] [browser] Clerk: Clerk has been loaded with development keys. Development instances have strict usage limits and should not be used when deploying your application to production. Learn more: https://clerk.com/docs/deployments/overview (https://enabling-gannet-9.clerk.accounts.dev/npm/@clerk/clerk-js@6/dist/clerk.browser.js:12:6133)
[WebServer] [browser] Clerk: Clerk has been loaded with development keys. Development instances have strict usage limits and should not be used when deploying your application to production. Learn more: https://clerk.com/docs/deployments/overview (https://enabling-gannet-9.clerk.accounts.dev/npm/@clerk/clerk-js@6/dist/clerk.browser.js:12:6133)
[WebServer] [browser] Clerk: Clerk has been loaded with development keys. Development instances have strict usage limits and should not be used when deploying your application to production. Learn more: https://clerk.com/docs/deployments/overview (https://enabling-gannet-9.clerk.accounts.dev/npm/@clerk/clerk-js@6/dist/clerk.browser.js:12:6133)
  ok  56 [chromium] › e2e\sprint23-workorder-lifecycle.spec.ts:194:7 › Flow C — blockers are explained and create no side effects › a spray work order with no certified operator reads as blocked in the queue (6.6s)
[WebServer] [browser] Clerk: Clerk has been loaded with development keys. Development instances have strict usage limits and should not be used when deploying your application to production. Learn more: https://clerk.com/docs/deployments/overview (https://enabling-gannet-9.clerk.accounts.dev/npm/@clerk/clerk-js@6/dist/clerk.browser.js:12:6133)
[WebServer] [browser] Clerk: Clerk has been loaded with development keys. Development instances have strict usage limits and should not be used when deploying your application to production. Learn more: https://clerk.com/docs/deployments/overview (https://enabling-gannet-9.clerk.accounts.dev/npm/@clerk/clerk-js@6/dist/clerk.browser.js:12:6133)
[WebServer] [browser] Clerk: Clerk has been loaded with development keys. Development instances have strict usage limits and should not be used when deploying your application to production. Learn more: https://clerk.com/docs/deployments/overview (https://enabling-gannet-9.clerk.accounts.dev/npm/@clerk/clerk-js@6/dist/clerk.browser.js:12:6133)
  ok  57 [chromium] › e2e\sprint23-workorder-lifecycle.spec.ts:217:7 › Flow D — starting a work order sets in_progress without completing it › Start moves status to in_progress, keeps the reservation, creates no activity (8.9s)
[WebServer] [browser] Clerk: Clerk has been loaded with development keys. Development instances have strict usage limits and should not be used when deploying your application to production. Learn more: https://clerk.com/docs/deployments/overview (https://enabling-gannet-9.clerk.accounts.dev/npm/@clerk/clerk-js@6/dist/clerk.browser.js:12:6133)
[WebServer] [browser] Clerk: Clerk has been loaded with development keys. Development instances have strict usage limits and should not be used when deploying your application to production. Learn more: https://clerk.com/docs/deployments/overview (https://enabling-gannet-9.clerk.accounts.dev/npm/@clerk/clerk-js@6/dist/clerk.browser.js:12:6133)
[WebServer] [browser] Clerk: Clerk has been loaded with development keys. Development instances have strict usage limits and should not be used when deploying your application to production. Learn more: https://clerk.com/docs/deployments/overview (https://enabling-gannet-9.clerk.accounts.dev/npm/@clerk/clerk-js@6/dist/clerk.browser.js:12:6133)
[WebServer] [browser] Clerk: Clerk has been loaded with development keys. Development instances have strict usage limits and should not be used when deploying your application to production. Learn more: https://clerk.com/docs/deployments/overview (https://enabling-gannet-9.clerk.accounts.dev/npm/@clerk/clerk-js@6/dist/clerk.browser.js:12:6133)
  ok  58 [chromium] › e2e\sprint23-workorder-lifecycle.spec.ts:241:7 › Flow E — completing through an Activity is exact-one › recording the actual activity completes the work order and links the chain once (7.5s)
[WebServer] [browser] Clerk: Clerk has been loaded with development keys. Development instances have strict usage limits and should not be used when deploying your application to production. Learn more: https://clerk.com/docs/deployments/overview (https://enabling-gannet-9.clerk.accounts.dev/npm/@clerk/clerk-js@6/dist/clerk.browser.js:12:6133)
[WebServer] [browser] Clerk: Clerk has been loaded with development keys. Development instances have strict usage limits and should not be used when deploying your application to production. Learn more: https://clerk.com/docs/deployments/overview (https://enabling-gannet-9.clerk.accounts.dev/npm/@clerk/clerk-js@6/dist/clerk.browser.js:12:6133)
[WebServer] [browser] Clerk: Clerk has been loaded with development keys. Development instances have strict usage limits and should not be used when deploying your application to production. Learn more: https://clerk.com/docs/deployments/overview (https://enabling-gannet-9.clerk.accounts.dev/npm/@clerk/clerk-js@6/dist/clerk.browser.js:12:6133)
[WebServer] [browser] Clerk: Clerk has been loaded with development keys. Development instances have strict usage limits and should not be used when deploying your application to production. Learn more: https://clerk.com/docs/deployments/overview (https://enabling-gannet-9.clerk.accounts.dev/npm/@clerk/clerk-js@6/dist/clerk.browser.js:12:6133)
[WebServer] [browser] Clerk: Clerk has been loaded with development keys. Development instances have strict usage limits and should not be used when deploying your application to production. Learn more: https://clerk.com/docs/deployments/overview (https://enabling-gannet-9.clerk.accounts.dev/npm/@clerk/clerk-js@6/dist/clerk.browser.js:12:6133)
  ok  59 [chromium] › e2e\sprint23-workorder-lifecycle.spec.ts:276:7 › Flow F/H — a completed work order cannot be completed twice › a second actual-activity attempt is refused; exactly one completion stands (7.5s)
[WebServer] [browser] Clerk: Clerk has been loaded with development keys. Development instances have strict usage limits and should not be used when deploying your application to production. Learn more: https://clerk.com/docs/deployments/overview (https://enabling-gannet-9.clerk.accounts.dev/npm/@clerk/clerk-js@6/dist/clerk.browser.js:12:6133)
[WebServer] [browser] Clerk: Clerk has been loaded with development keys. Development instances have strict usage limits and should not be used when deploying your application to production. Learn more: https://clerk.com/docs/deployments/overview (https://enabling-gannet-9.clerk.accounts.dev/npm/@clerk/clerk-js@6/dist/clerk.browser.js:12:6133)
[WebServer] [browser] Clerk: Clerk has been loaded with development keys. Development instances have strict usage limits and should not be used when deploying your application to production. Learn more: https://clerk.com/docs/deployments/overview (https://enabling-gannet-9.clerk.accounts.dev/npm/@clerk/clerk-js@6/dist/clerk.browser.js:12:6133)
  ok  60 [chromium] › e2e\sprint23-workorder-lifecycle.spec.ts:306:7 › Flow G — cancelling releases the reservation and blocks completion › a cancelled work order releases its reservation, creates no activity, and offers no start (7.0s)
[WebServer] [browser] Clerk: Clerk has been loaded with development keys. Development instances have strict usage limits and should not be used when deploying your application to production. Learn more: https://clerk.com/docs/deployments/overview (https://enabling-gannet-9.clerk.accounts.dev/npm/@clerk/clerk-js@6/dist/clerk.browser.js:12:6133)
[WebServer] [browser] Clerk: Clerk has been loaded with development keys. Development instances have strict usage limits and should not be used when deploying your application to production. Learn more: https://clerk.com/docs/deployments/overview (https://enabling-gannet-9.clerk.accounts.dev/npm/@clerk/clerk-js@6/dist/clerk.browser.js:12:6133)
  ok  61 [chromium] › e2e\sprint23-workorder-lifecycle.spec.ts:337:7 › Flow I — another farm's ids are rejected without revealing them › submitting OTHER farm's fieldSeason id on create is rejected as not found (5.2s)
[Clerk Testing] FAPI request failed after 4 attempts: https://enabling-gannet-9.clerk.accounts.dev/v1/environment?__clerk_api_version=2026-05-12&_clerk_js_version=6.25.3&_method=PATCH&__clerk_db_jwt=dvb_3GfrU1hgudtyiecRNftxAfxQeCv (Error: route.fetch: Test ended.)
[WebServer] [browser] Clerk: Clerk has been loaded with development keys. Development instances have strict usage limits and should not be used when deploying your application to production. Learn more: https://clerk.com/docs/deployments/overview (https://enabling-gannet-9.clerk.accounts.dev/npm/@clerk/clerk-js@6/dist/clerk.browser.js:12:6133)
[Clerk Testing] FAPI request failed after 4 attempts: https://enabling-gannet-9.clerk.accounts.dev/v1/client?__clerk_api_version=2026-05-12&_clerk_js_version=6.25.3&__clerk_db_jwt=dvb_3GfrU1hgudtyiecRNftxAfxQeCv (Error: route.fetch: Test ended.)
[WebServer] [browser] Clerk: Clerk has been loaded with development keys. Development instances have strict usage limits and should not be used when deploying your application to production. Learn more: https://clerk.com/docs/deployments/overview (https://enabling-gannet-9.clerk.accounts.dev/npm/@clerk/clerk-js@6/dist/clerk.browser.js:12:6133)
[WebServer] [browser] Clerk: Clerk has been loaded with development keys. Development instances have strict usage limits and should not be used when deploying your application to production. Learn more: https://clerk.com/docs/deployments/overview (https://enabling-gannet-9.clerk.accounts.dev/npm/@clerk/clerk-js@6/dist/clerk.browser.js:12:6133)
[WebServer] [browser] Clerk: Clerk has been loaded with development keys. Development instances have strict usage limits and should not be used when deploying your application to production. Learn more: https://clerk.com/docs/deployments/overview (https://enabling-gannet-9.clerk.accounts.dev/npm/@clerk/clerk-js@6/dist/clerk.browser.js:12:6133)
[WebServer] [browser] [Clerk UI] Failed to initialize component renderer: ChunkLoadError: Loading chunk 26 failed.
[WebServer] (error: https://enabling-gannet-9.clerk.accounts.dev/npm/@clerk/ui@1.25.3/dist/framework_ui_021ae8_1.25.3.js)
[WebServer]     at i.f.j (https://enabling-gannet-9.clerk.accounts.dev/npm/@clerk/ui@1/dist/ui.browser.js:21:42560)
[WebServer]     at <unknown> (https://enabling-gannet-9.clerk.accounts.dev/npm/@clerk/ui@1/dist/ui.browser.js:21:39693)
[WebServer]     at Array.reduce (<anonymous>)
[WebServer]     at i.e (https://enabling-gannet-9.clerk.accounts.dev/npm/@clerk/ui@1/dist/ui.browser.js:21:39672)
[WebServer]     at Object.ensureMounted (https://enabling-gannet-9.clerk.accounts.dev/npm/@clerk/ui@1/dist/ui.browser.js:1:11766)
[WebServer]     at e.ensureMounted (https://enabling-gannet-9.clerk.accounts.dev/npm/@clerk/ui@1/dist/ui.browser.js:1:12288)
[WebServer]     at <unknown> (https://enabling-gannet-9.clerk.accounts.dev/npm/@clerk/clerk-js@6/dist/clerk.browser.js:18:221223) (https://enabling-gannet-9.clerk.accounts.dev/npm/@clerk/ui@1/dist/ui.browser.js:1:12156)
[WebServer] [browser] ⨯ unhandledRejection: ChunkLoadError: Loading chunk 26 failed.
[WebServer] (error: https://enabling-gannet-9.clerk.accounts.dev/npm/@clerk/ui@1.25.3/dist/framework_ui_021ae8_1.25.3.js)
[WebServer]     at i.f.j (https://enabling-gannet-9.clerk.accounts.dev/npm/@clerk/ui@1/dist/ui.browser.js:21:42560)
[WebServer]     at <unknown> (https://enabling-gannet-9.clerk.accounts.dev/npm/@clerk/ui@1/dist/ui.browser.js:21:39693)
[WebServer]     at Array.reduce (<anonymous>)
[WebServer]     at i.e (https://enabling-gannet-9.clerk.accounts.dev/npm/@clerk/ui@1/dist/ui.browser.js:21:39672)
[WebServer]     at Object.ensureMounted (https://enabling-gannet-9.clerk.accounts.dev/npm/@clerk/ui@1/dist/ui.browser.js:1:11766)
[WebServer]     at e.ensureMounted (https://enabling-gannet-9.clerk.accounts.dev/npm/@clerk/ui@1/dist/ui.browser.js:1:12288)
[WebServer]     at <unknown> (https://enabling-gannet-9.clerk.accounts.dev/npm/@clerk/clerk-js@6/dist/clerk.browser.js:18:221223)
[WebServer] [browser] ⨯ unhandledRejection: ChunkLoadError: Loading chunk 26 failed.
[WebServer] (error: https://enabling-gannet-9.clerk.accounts.dev/npm/@clerk/ui@1.25.3/dist/framework_ui_021ae8_1.25.3.js)
[WebServer]     at i.f.j (https://enabling-gannet-9.clerk.accounts.dev/npm/@clerk/ui@1/dist/ui.browser.js:21:42560)
[WebServer]     at <unknown> (https://enabling-gannet-9.clerk.accounts.dev/npm/@clerk/ui@1/dist/ui.browser.js:21:39693)
[WebServer]     at Array.reduce (<anonymous>)
[WebServer]     at i.e (https://enabling-gannet-9.clerk.accounts.dev/npm/@clerk/ui@1/dist/ui.browser.js:21:39672)
[WebServer]     at Object.ensureMounted (https://enabling-gannet-9.clerk.accounts.dev/npm/@clerk/ui@1/dist/ui.browser.js:1:11766)
[WebServer]     at e.ensureMounted (https://enabling-gannet-9.clerk.accounts.dev/npm/@clerk/ui@1/dist/ui.browser.js:1:12288)
[WebServer]     at <unknown> (https://enabling-gannet-9.clerk.accounts.dev/npm/@clerk/clerk-js@6/dist/clerk.browser.js:18:221223)
[WebServer] [browser] ⨯ unhandledRejection: ChunkLoadError: Loading chunk 26 failed.
[WebServer] (error: https://enabling-gannet-9.clerk.accounts.dev/npm/@clerk/ui@1.25.3/dist/framework_ui_021ae8_1.25.3.js)
[WebServer]     at i.f.j (https://enabling-gannet-9.clerk.accounts.dev/npm/@clerk/ui@1/dist/ui.browser.js:21:42560)
[WebServer]     at <unknown> (https://enabling-gannet-9.clerk.accounts.dev/npm/@clerk/ui@1/dist/ui.browser.js:21:39693)
[WebServer]     at Array.reduce (<anonymous>)
[WebServer]     at i.e (https://enabling-gannet-9.clerk.accounts.dev/npm/@clerk/ui@1/dist/ui.browser.js:21:39672)
[WebServer]     at Object.ensureMounted (https://enabling-gannet-9.clerk.accounts.dev/npm/@clerk/ui@1/dist/ui.browser.js:1:11766)
[WebServer]     at e.ensureMounted (https://enabling-gannet-9.clerk.accounts.dev/npm/@clerk/ui@1/dist/ui.browser.js:1:12288)
[WebServer]     at <unknown> (https://enabling-gannet-9.clerk.accounts.dev/npm/@clerk/clerk-js@6/dist/clerk.browser.js:18:221223)
[WebServer] [browser] ⨯ unhandledRejection: ChunkLoadError: Loading chunk 26 failed.
[WebServer] (error: https://enabling-gannet-9.clerk.accounts.dev/npm/@clerk/ui@1.25.3/dist/framework_ui_021ae8_1.25.3.js)
[WebServer]     at i.f.j (https://enabling-gannet-9.clerk.accounts.dev/npm/@clerk/ui@1/dist/ui.browser.js:21:42560)
[WebServer]     at <unknown> (https://enabling-gannet-9.clerk.accounts.dev/npm/@clerk/ui@1/dist/ui.browser.js:21:39693)
[WebServer]     at Array.reduce (<anonymous>)
[WebServer]     at i.e (https://enabling-gannet-9.clerk.accounts.dev/npm/@clerk/ui@1/dist/ui.browser.js:21:39672)
[WebServer]     at Object.ensureMounted (https://enabling-gannet-9.clerk.accounts.dev/npm/@clerk/ui@1/dist/ui.browser.js:1:11766)
[WebServer]     at e.ensureMounted (https://enabling-gannet-9.clerk.accounts.dev/npm/@clerk/ui@1/dist/ui.browser.js:1:12288)
[WebServer]     at <unknown> (https://enabling-gannet-9.clerk.accounts.dev/npm/@clerk/clerk-js@6/dist/clerk.browser.js:18:221223)
[WebServer] [browser] ⨯ unhandledRejection: ChunkLoadError: Loading chunk 26 failed.
[WebServer] (error: https://enabling-gannet-9.clerk.accounts.dev/npm/@clerk/ui@1.25.3/dist/framework_ui_021ae8_1.25.3.js)
[WebServer]     at i.f.j (https://enabling-gannet-9.clerk.accounts.dev/npm/@clerk/ui@1/dist/ui.browser.js:21:42560)
[WebServer]     at <unknown> (https://enabling-gannet-9.clerk.accounts.dev/npm/@clerk/ui@1/dist/ui.browser.js:21:39693)
[WebServer]     at Array.reduce (<anonymous>)
[WebServer]     at i.e (https://enabling-gannet-9.clerk.accounts.dev/npm/@clerk/ui@1/dist/ui.browser.js:21:39672)
[WebServer]     at Object.ensureMounted (https://enabling-gannet-9.clerk.accounts.dev/npm/@clerk/ui@1/dist/ui.browser.js:1:11766)
[WebServer]     at e.ensureMounted (https://enabling-gannet-9.clerk.accounts.dev/npm/@clerk/ui@1/dist/ui.browser.js:1:12288)
[WebServer]     at <unknown> (https://enabling-gannet-9.clerk.accounts.dev/npm/@clerk/clerk-js@6/dist/clerk.browser.js:18:221223)
  ok  62 [chromium] › e2e\sprint23-workorder-lifecycle.spec.ts:361:7 › Flow J — offline activity completion syncs exactly once › a queued offline completion is device-local, then syncs to one server result (13.2s)
[WebServer] [browser] Clerk: Clerk has been loaded with development keys. Development instances have strict usage limits and should not be used when deploying your application to production. Learn more: https://clerk.com/docs/deployments/overview (https://enabling-gannet-9.clerk.accounts.dev/npm/@clerk/clerk-js@6/dist/clerk.browser.js:12:6133)
[WebServer] [browser] Clerk: Clerk has been loaded with development keys. Development instances have strict usage limits and should not be used when deploying your application to production. Learn more: https://clerk.com/docs/deployments/overview (https://enabling-gannet-9.clerk.accounts.dev/npm/@clerk/clerk-js@6/dist/clerk.browser.js:12:6133)
  ok  63 [chromium] › e2e\sprint23-workorder-lifecycle.spec.ts:401:9 › Flow K — mobile work-order queue is usable › no horizontal overflow and Start reachable at 390x844 (6.3s)
[WebServer] [browser] Clerk: Clerk has been loaded with development keys. Development instances have strict usage limits and should not be used when deploying your application to production. Learn more: https://clerk.com/docs/deployments/overview (https://enabling-gannet-9.clerk.accounts.dev/npm/@clerk/clerk-js@6/dist/clerk.browser.js:12:6133)
[WebServer] [browser] Clerk: Clerk has been loaded with development keys. Development instances have strict usage limits and should not be used when deploying your application to production. Learn more: https://clerk.com/docs/deployments/overview (https://enabling-gannet-9.clerk.accounts.dev/npm/@clerk/clerk-js@6/dist/clerk.browser.js:12:6133)
[WebServer] [browser] Clerk: Clerk has been loaded with development keys. Development instances have strict usage limits and should not be used when deploying your application to production. Learn more: https://clerk.com/docs/deployments/overview (https://enabling-gannet-9.clerk.accounts.dev/npm/@clerk/clerk-js@6/dist/clerk.browser.js:12:6133)
  ok  64 [chromium] › e2e\sprint23-workorder-lifecycle.spec.ts:401:9 › Flow K — mobile work-order queue is usable › no horizontal overflow and Start reachable at 430x932 (5.5s)
[WebServer] [browser] Clerk: Clerk has been loaded with development keys. Development instances have strict usage limits and should not be used when deploying your application to production. Learn more: https://clerk.com/docs/deployments/overview (https://enabling-gannet-9.clerk.accounts.dev/npm/@clerk/clerk-js@6/dist/clerk.browser.js:12:6133)
[WebServer] [browser] Clerk: Clerk has been loaded with development keys. Development instances have strict usage limits and should not be used when deploying your application to production. Learn more: https://clerk.com/docs/deployments/overview (https://enabling-gannet-9.clerk.accounts.dev/npm/@clerk/clerk-js@6/dist/clerk.browser.js:12:6133)
  ok  65 [chromium] › e2e\sprint25-dashboard-reports.spec.ts:25:7 › Flow A — Dashboard economics signal → CTA › an over-budget field surfaces a signal that links to Field Detail (6.9s)
[WebServer] [browser] Clerk: Clerk has been loaded with development keys. Development instances have strict usage limits and should not be used when deploying your application to production. Learn more: https://clerk.com/docs/deployments/overview (https://enabling-gannet-9.clerk.accounts.dev/npm/@clerk/clerk-js@6/dist/clerk.browser.js:12:6133)
[WebServer] [browser] Clerk: Clerk has been loaded with development keys. Development instances have strict usage limits and should not be used when deploying your application to production. Learn more: https://clerk.com/docs/deployments/overview (https://enabling-gannet-9.clerk.accounts.dev/npm/@clerk/clerk-js@6/dist/clerk.browser.js:12:6133)
  ok  66 [chromium] › e2e\sprint25-dashboard-reports.spec.ts:43:7 › Flow B — missing price signal recalculates after the price is added › adding a purchase price clears the missing-price signal (9.6s)
[WebServer] [browser] Clerk: Clerk has been loaded with development keys. Development instances have strict usage limits and should not be used when deploying your application to production. Learn more: https://clerk.com/docs/deployments/overview (https://enabling-gannet-9.clerk.accounts.dev/npm/@clerk/clerk-js@6/dist/clerk.browser.js:12:6133)
[WebServer] [browser] Clerk: Clerk has been loaded with development keys. Development instances have strict usage limits and should not be used when deploying your application to production. Learn more: https://clerk.com/docs/deployments/overview (https://enabling-gannet-9.clerk.accounts.dev/npm/@clerk/clerk-js@6/dist/clerk.browser.js:12:6133)
  ok  67 [chromium] › e2e\sprint25-dashboard-reports.spec.ts:54:7 › Flow C — unallocated revenue signal resolves after allocation › allocating the revenue removes the signal (7.6s)
[WebServer] [browser] Clerk: Clerk has been loaded with development keys. Development instances have strict usage limits and should not be used when deploying your application to production. Learn more: https://clerk.com/docs/deployments/overview (https://enabling-gannet-9.clerk.accounts.dev/npm/@clerk/clerk-js@6/dist/clerk.browser.js:12:6133)
[WebServer] [browser] Clerk: Clerk has been loaded with development keys. Development instances have strict usage limits and should not be used when deploying your application to production. Learn more: https://clerk.com/docs/deployments/overview (https://enabling-gannet-9.clerk.accounts.dev/npm/@clerk/clerk-js@6/dist/clerk.browser.js:12:6133)
  ok  68 [chromium] › e2e\sprint25-dashboard-reports.spec.ts:65:7 › Flow D — field report PDF › the field cost PDF downloads with the operational-economics disclaimer (7.2s)
[WebServer] [browser] Clerk: Clerk has been loaded with development keys. Development instances have strict usage limits and should not be used when deploying your application to production. Learn more: https://clerk.com/docs/deployments/overview (https://enabling-gannet-9.clerk.accounts.dev/npm/@clerk/clerk-js@6/dist/clerk.browser.js:12:6133)
[WebServer] [browser] Clerk: Clerk has been loaded with development keys. Development instances have strict usage limits and should not be used when deploying your application to production. Learn more: https://clerk.com/docs/deployments/overview (https://enabling-gannet-9.clerk.accounts.dev/npm/@clerk/clerk-js@6/dist/clerk.browser.js:12:6133)
  ok  69 [chromium] › e2e\sprint25-dashboard-reports.spec.ts:77:7 › Flow E — crop comparison CSV › the crop economics CSV has stable headers and formula protection (9.6s)
[Clerk Testing] FAPI request failed after 4 attempts: https://enabling-gannet-9.clerk.accounts.dev/v1/client?__clerk_api_version=2026-05-12&_clerk_js_version=6.25.3&__clerk_db_jwt=dvb_3GfrbhfRHIePbdgNfimIKJcK3Sg (Error: route.fetch: Test ended.)
[WebServer] [browser] Clerk: Clerk has been loaded with development keys. Development instances have strict usage limits and should not be used when deploying your application to production. Learn more: https://clerk.com/docs/deployments/overview (https://enabling-gannet-9.clerk.accounts.dev/npm/@clerk/clerk-js@6/dist/clerk.browser.js:12:6133)
[Clerk Testing] FAPI request failed after 4 attempts: https://enabling-gannet-9.clerk.accounts.dev/v1/environment?__clerk_api_version=2026-05-12&_clerk_js_version=6.25.3&_method=PATCH&__clerk_db_jwt=dvb_3GfrbhfRHIePbdgNfimIKJcK3Sg (Error: route.fetch: Test ended.)
[WebServer] [browser] Clerk: Clerk has been loaded with development keys. Development instances have strict usage limits and should not be used when deploying your application to production. Learn more: https://clerk.com/docs/deployments/overview (https://enabling-gannet-9.clerk.accounts.dev/npm/@clerk/clerk-js@6/dist/clerk.browser.js:12:6133)
  ok  70 [chromium] › e2e\sprint25-dashboard-reports.spec.ts:90:7 › Flow F — season gross-margin report › the season report exposes unallocated values and marks incomplete fields (6.0s)
[Clerk Testing] FAPI request failed after 4 attempts: https://enabling-gannet-9.clerk.accounts.dev/v1/environment?__clerk_api_version=2026-05-12&_clerk_js_version=6.25.3&_method=PATCH&__clerk_db_jwt=dvb_3Gfrd6iSFAhaniH717uklNkUcvO (Error: route.fetch: Test ended.)
[Clerk Testing] FAPI request failed after 4 attempts: https://enabling-gannet-9.clerk.accounts.dev/v1/client?__clerk_api_version=2026-05-12&_clerk_js_version=6.25.3&__clerk_db_jwt=dvb_3Gfrd6iSFAhaniH717uklNkUcvO (Error: route.fetch: Test ended.)
[WebServer] [browser] Clerk: Clerk has been loaded with development keys. Development instances have strict usage limits and should not be used when deploying your application to production. Learn more: https://clerk.com/docs/deployments/overview (https://enabling-gannet-9.clerk.accounts.dev/npm/@clerk/clerk-js@6/dist/clerk.browser.js:12:6133)
  ok  71 [chromium] › e2e\sprint25-dashboard-reports.spec.ts:102:7 › Flow G — cross-farm export is rejected › exporting another farm's season returns 403, never its data (7.5s)
[WebServer] [browser] Clerk: Clerk has been loaded with development keys. Development instances have strict usage limits and should not be used when deploying your application to production. Learn more: https://clerk.com/docs/deployments/overview (https://enabling-gannet-9.clerk.accounts.dev/npm/@clerk/clerk-js@6/dist/clerk.browser.js:12:6133)
  ok  72 [chromium] › e2e\sprint25-dashboard-reports.spec.ts:110:7 › Flow H — offline honesty › Dashboard shows last-synced signals; report generation is disabled (5.0s)
[WebServer] [browser] Clerk: Clerk has been loaded with development keys. Development instances have strict usage limits and should not be used when deploying your application to production. Learn more: https://clerk.com/docs/deployments/overview (https://enabling-gannet-9.clerk.accounts.dev/npm/@clerk/clerk-js@6/dist/clerk.browser.js:12:6133)
  ok  73 [chromium] › e2e\sprint25-dashboard-reports.spec.ts:123:7 › Flow I — mobile Dashboard + Reports › economics decisions and report cards stack without horizontal overflow (5.5s)
[WebServer] [browser] Clerk: Clerk has been loaded with development keys. Development instances have strict usage limits and should not be used when deploying your application to production. Learn more: https://clerk.com/docs/deployments/overview (https://enabling-gannet-9.clerk.accounts.dev/npm/@clerk/clerk-js@6/dist/clerk.browser.js:12:6133)
[WebServer] [browser] Clerk: Clerk has been loaded with development keys. Development instances have strict usage limits and should not be used when deploying your application to production. Learn more: https://clerk.com/docs/deployments/overview (https://enabling-gannet-9.clerk.accounts.dev/npm/@clerk/clerk-js@6/dist/clerk.browser.js:12:6133)
  ok  74 [chromium] › e2e\sprint25-field-detail.spec.ts:34:7 › Flow A — open a field and see complete economics › field name links to detail; summary, breakdown, direct/allocated and source records render (10.0s)
[WebServer] [browser] Clerk: Clerk has been loaded with development keys. Development instances have strict usage limits and should not be used when deploying your application to production. Learn more: https://clerk.com/docs/deployments/overview (https://enabling-gannet-9.clerk.accounts.dev/npm/@clerk/clerk-js@6/dist/clerk.browser.js:12:6133)
[WebServer] [browser] Clerk: Clerk has been loaded with development keys. Development instances have strict usage limits and should not be used when deploying your application to production. Learn more: https://clerk.com/docs/deployments/overview (https://enabling-gannet-9.clerk.accounts.dev/npm/@clerk/clerk-js@6/dist/clerk.browser.js:12:6133)
  ok  75 [chromium] › e2e\sprint25-field-detail.spec.ts:49:7 › Flow B — missing data reads "Not recorded", never €0 › a field with no revenue shows Not recorded and a completeness explanation (6.7s)
[WebServer] [browser] Clerk: Clerk has been loaded with development keys. Development instances have strict usage limits and should not be used when deploying your application to production. Learn more: https://clerk.com/docs/deployments/overview (https://enabling-gannet-9.clerk.accounts.dev/npm/@clerk/clerk-js@6/dist/clerk.browser.js:12:6133)
[WebServer] [browser] Clerk: Clerk has been loaded with development keys. Development instances have strict usage limits and should not be used when deploying your application to production. Learn more: https://clerk.com/docs/deployments/overview (https://enabling-gannet-9.clerk.accounts.dev/npm/@clerk/clerk-js@6/dist/clerk.browser.js:12:6133)
  ok  76 [chromium] › e2e\sprint25-field-detail.spec.ts:58:7 › Flow C — correction history is visible on the field › a corrected expense shows Original and Current effective in the Corrections tab (6.7s)
[WebServer] [browser] Clerk: Clerk has been loaded with development keys. Development instances have strict usage limits and should not be used when deploying your application to production. Learn more: https://clerk.com/docs/deployments/overview (https://enabling-gannet-9.clerk.accounts.dev/npm/@clerk/clerk-js@6/dist/clerk.browser.js:12:6133)
[WebServer] [browser] Clerk: Clerk has been loaded with development keys. Development instances have strict usage limits and should not be used when deploying your application to production. Learn more: https://clerk.com/docs/deployments/overview (https://enabling-gannet-9.clerk.accounts.dev/npm/@clerk/clerk-js@6/dist/clerk.browser.js:12:6133)
  ok  77 [chromium] › e2e\sprint25-field-detail.spec.ts:69:7 › Flow D — reallocation history is visible on the field › a reallocated cost shows its allocation versions in the Allocations tab (6.3s)
[WebServer] [browser] Clerk: Clerk has been loaded with development keys. Development instances have strict usage limits and should not be used when deploying your application to production. Learn more: https://clerk.com/docs/deployments/overview (https://enabling-gannet-9.clerk.accounts.dev/npm/@clerk/clerk-js@6/dist/clerk.browser.js:12:6133)
[WebServer] [browser] Clerk: Clerk has been loaded with development keys. Development instances have strict usage limits and should not be used when deploying your application to production. Learn more: https://clerk.com/docs/deployments/overview (https://enabling-gannet-9.clerk.accounts.dev/npm/@clerk/clerk-js@6/dist/clerk.browser.js:12:6133)
  ok  78 [chromium] › e2e\sprint25-field-detail.spec.ts:80:7 › Flow E — reversal is excluded from totals but shown in history › a reversed expense carries a Reversed badge in the Corrections tab (6.4s)
[WebServer] [browser] Clerk: Clerk has been loaded with development keys. Development instances have strict usage limits and should not be used when deploying your application to production. Learn more: https://clerk.com/docs/deployments/overview (https://enabling-gannet-9.clerk.accounts.dev/npm/@clerk/clerk-js@6/dist/clerk.browser.js:12:6133)
[WebServer] [browser] Clerk: Clerk has been loaded with development keys. Development instances have strict usage limits and should not be used when deploying your application to production. Learn more: https://clerk.com/docs/deployments/overview (https://enabling-gannet-9.clerk.accounts.dev/npm/@clerk/clerk-js@6/dist/clerk.browser.js:12:6133)
  ok  79 [chromium] › e2e\sprint25-field-detail.spec.ts:90:7 › Flow F — purchase reversal/replacement disclosure › the purchase section states snapshots are unchanged and offers no edit (7.6s)
[WebServer] [browser] Clerk: Clerk has been loaded with development keys. Development instances have strict usage limits and should not be used when deploying your application to production. Learn more: https://clerk.com/docs/deployments/overview (https://enabling-gannet-9.clerk.accounts.dev/npm/@clerk/clerk-js@6/dist/clerk.browser.js:12:6133)
[WebServer] [browser] Encountered a script tag while rendering React component. Scripts inside React components are never executed when rendering on the client. Consider using template tag instead (https://developer.mozilla.org/en-US/docs/Web/HTML/Element/template). 
  ok  80 [chromium] › e2e\sprint25-field-detail.spec.ts:101:7 › Flow G — cross-farm field detail is rejected › a fabricated / other-farm field id resolves to not-found, not a leak (6.4s)
[WebServer] [browser] Clerk: Clerk has been loaded with development keys. Development instances have strict usage limits and should not be used when deploying your application to production. Learn more: https://clerk.com/docs/deployments/overview (https://enabling-gannet-9.clerk.accounts.dev/npm/@clerk/clerk-js@6/dist/clerk.browser.js:12:6133)
[WebServer] [browser] Clerk: Clerk has been loaded with development keys. Development instances have strict usage limits and should not be used when deploying your application to production. Learn more: https://clerk.com/docs/deployments/overview (https://enabling-gannet-9.clerk.accounts.dev/npm/@clerk/clerk-js@6/dist/clerk.browser.js:12:6133)
  ok  81 [chromium] › e2e\sprint25-field-detail.spec.ts:109:7 › Flow H — offline view is honest › economic history is visible online and the field remains readable offline (7.3s)
[WebServer] [browser] Clerk: Clerk has been loaded with development keys. Development instances have strict usage limits and should not be used when deploying your application to production. Learn more: https://clerk.com/docs/deployments/overview (https://enabling-gannet-9.clerk.accounts.dev/npm/@clerk/clerk-js@6/dist/clerk.browser.js:12:6133)
[WebServer] [browser] Clerk: Clerk has been loaded with development keys. Development instances have strict usage limits and should not be used when deploying your application to production. Learn more: https://clerk.com/docs/deployments/overview (https://enabling-gannet-9.clerk.accounts.dev/npm/@clerk/clerk-js@6/dist/clerk.browser.js:12:6133)
  ok  82 [chromium] › e2e\sprint25-field-detail.spec.ts:121:7 › Flow I — mobile Field Detail › summary cards, breakdown and timeline stack without horizontal overflow (6.8s)
[WebServer] [browser] Clerk: Clerk has been loaded with development keys. Development instances have strict usage limits and should not be used when deploying your application to production. Learn more: https://clerk.com/docs/deployments/overview (https://enabling-gannet-9.clerk.accounts.dev/npm/@clerk/clerk-js@6/dist/clerk.browser.js:12:6133)
[WebServer] [browser] Clerk: Clerk has been loaded with development keys. Development instances have strict usage limits and should not be used when deploying your application to production. Learn more: https://clerk.com/docs/deployments/overview (https://enabling-gannet-9.clerk.accounts.dev/npm/@clerk/clerk-js@6/dist/clerk.browser.js:12:6133)
[WebServer] [browser] Clerk: Clerk has been loaded with development keys. Development instances have strict usage limits and should not be used when deploying your application to production. Learn more: https://clerk.com/docs/deployments/overview (https://enabling-gannet-9.clerk.accounts.dev/npm/@clerk/clerk-js@6/dist/clerk.browser.js:12:6133)
  ok  83 [chromium] › e2e\sprint25-reallocation.spec.ts:31:7 › Flow A — allocate an unallocated expense to a field › the record appears under Unallocated and can be allocated through the dialog (6.4s)
[WebServer] [browser] Clerk: Clerk has been loaded with development keys. Development instances have strict usage limits and should not be used when deploying your application to production. Learn more: https://clerk.com/docs/deployments/overview (https://enabling-gannet-9.clerk.accounts.dev/npm/@clerk/clerk-js@6/dist/clerk.browser.js:12:6133)
[WebServer] [browser] Clerk: Clerk has been loaded with development keys. Development instances have strict usage limits and should not be used when deploying your application to production. Learn more: https://clerk.com/docs/deployments/overview (https://enabling-gannet-9.clerk.accounts.dev/npm/@clerk/clerk-js@6/dist/clerk.browser.js:12:6133)
[WebServer] [browser] Clerk: Clerk has been loaded with development keys. Development instances have strict usage limits and should not be used when deploying your application to production. Learn more: https://clerk.com/docs/deployments/overview (https://enabling-gannet-9.clerk.accounts.dev/npm/@clerk/clerk-js@6/dist/clerk.browser.js:12:6133)
  ok  84 [chromium] › e2e\sprint25-reallocation.spec.ts:67:7 › Flow D — partial allocation leaves a visible remainder › allocating part of an expense keeps the rest unallocated (6.9s)
[WebServer] [browser] Clerk: Clerk has been loaded with development keys. Development instances have strict usage limits and should not be used when deploying your application to production. Learn more: https://clerk.com/docs/deployments/overview (https://enabling-gannet-9.clerk.accounts.dev/npm/@clerk/clerk-js@6/dist/clerk.browser.js:12:6133)
[WebServer] [browser] Clerk: Clerk has been loaded with development keys. Development instances have strict usage limits and should not be used when deploying your application to production. Learn more: https://clerk.com/docs/deployments/overview (https://enabling-gannet-9.clerk.accounts.dev/npm/@clerk/clerk-js@6/dist/clerk.browser.js:12:6133)
  ok  85 [chromium] › e2e\sprint26-grounded-ai.spec.ts:13:7 › Sprint 26 grounded assistance › Flow A/C — persisted grounded briefing, evidence, history and feedback (6.0s)
[WebServer] [browser] Clerk: Clerk has been loaded with development keys. Development instances have strict usage limits and should not be used when deploying your application to production. Learn more: https://clerk.com/docs/deployments/overview (https://enabling-gannet-9.clerk.accounts.dev/npm/@clerk/clerk-js@6/dist/clerk.browser.js:12:6133)
[WebServer] [browser] Clerk: Clerk has been loaded with development keys. Development instances have strict usage limits and should not be used when deploying your application to production. Learn more: https://clerk.com/docs/deployments/overview (https://enabling-gannet-9.clerk.accounts.dev/npm/@clerk/clerk-js@6/dist/clerk.browser.js:12:6133)
  ok  86 [chromium] › e2e\sprint26-grounded-ai.spec.ts:25:7 › Sprint 26 grounded assistance › Flow D/E — text parsing shows structured review and ambiguity cannot continue (6.5s)
[WebServer] [browser] Clerk: Clerk has been loaded with development keys. Development instances have strict usage limits and should not be used when deploying your application to production. Learn more: https://clerk.com/docs/deployments/overview (https://enabling-gannet-9.clerk.accounts.dev/npm/@clerk/clerk-js@6/dist/clerk.browser.js:12:6133)
[WebServer] [browser] Clerk: Clerk has been loaded with development keys. Development instances have strict usage limits and should not be used when deploying your application to production. Learn more: https://clerk.com/docs/deployments/overview (https://enabling-gannet-9.clerk.accounts.dev/npm/@clerk/clerk-js@6/dist/clerk.browser.js:12:6133)
[WebServer] [browser] [Clerk UI] Failed to initialize component renderer: ChunkLoadError: Loading chunk 26 failed.
[WebServer] (error: https://enabling-gannet-9.clerk.accounts.dev/npm/@clerk/ui@1.25.3/dist/framework_ui_021ae8_1.25.3.js)
[WebServer]     at i.f.j (https://enabling-gannet-9.clerk.accounts.dev/npm/@clerk/ui@1/dist/ui.browser.js:21:42560)
[WebServer]     at <unknown> (https://enabling-gannet-9.clerk.accounts.dev/npm/@clerk/ui@1/dist/ui.browser.js:21:39693)
[WebServer]     at Array.reduce (<anonymous>)
[WebServer]     at i.e (https://enabling-gannet-9.clerk.accounts.dev/npm/@clerk/ui@1/dist/ui.browser.js:21:39672)
[WebServer]     at Object.ensureMounted (https://enabling-gannet-9.clerk.accounts.dev/npm/@clerk/ui@1/dist/ui.browser.js:1:11766)
[WebServer]     at e.ensureMounted (https://enabling-gannet-9.clerk.accounts.dev/npm/@clerk/ui@1/dist/ui.browser.js:1:12288)
[WebServer]     at <unknown> (https://enabling-gannet-9.clerk.accounts.dev/npm/@clerk/clerk-js@6/dist/clerk.browser.js:18:221223) (https://enabling-gannet-9.clerk.accounts.dev/npm/@clerk/ui@1/dist/ui.browser.js:1:12156)
[WebServer] [browser] ⨯ unhandledRejection: ChunkLoadError: Loading chunk 26 failed.
[WebServer] (error: https://enabling-gannet-9.clerk.accounts.dev/npm/@clerk/ui@1.25.3/dist/framework_ui_021ae8_1.25.3.js)
[WebServer]     at i.f.j (https://enabling-gannet-9.clerk.accounts.dev/npm/@clerk/ui@1/dist/ui.browser.js:21:42560)
[WebServer]     at <unknown> (https://enabling-gannet-9.clerk.accounts.dev/npm/@clerk/ui@1/dist/ui.browser.js:21:39693)
[WebServer]     at Array.reduce (<anonymous>)
[WebServer]     at i.e (https://enabling-gannet-9.clerk.accounts.dev/npm/@clerk/ui@1/dist/ui.browser.js:21:39672)
[WebServer]     at Object.ensureMounted (https://enabling-gannet-9.clerk.accounts.dev/npm/@clerk/ui@1/dist/ui.browser.js:1:11766)
[WebServer]     at e.ensureMounted (https://enabling-gannet-9.clerk.accounts.dev/npm/@clerk/ui@1/dist/ui.browser.js:1:12288)
[WebServer]     at <unknown> (https://enabling-gannet-9.clerk.accounts.dev/npm/@clerk/clerk-js@6/dist/clerk.browser.js:18:221223)
[WebServer] [browser] ⨯ unhandledRejection: ChunkLoadError: Loading chunk 26 failed.
[WebServer] (error: https://enabling-gannet-9.clerk.accounts.dev/npm/@clerk/ui@1.25.3/dist/framework_ui_021ae8_1.25.3.js)
[WebServer]     at i.f.j (https://enabling-gannet-9.clerk.accounts.dev/npm/@clerk/ui@1/dist/ui.browser.js:21:42560)
[WebServer]     at <unknown> (https://enabling-gannet-9.clerk.accounts.dev/npm/@clerk/ui@1/dist/ui.browser.js:21:39693)
[WebServer]     at Array.reduce (<anonymous>)
[WebServer]     at i.e (https://enabling-gannet-9.clerk.accounts.dev/npm/@clerk/ui@1/dist/ui.browser.js:21:39672)
[WebServer]     at Object.ensureMounted (https://enabling-gannet-9.clerk.accounts.dev/npm/@clerk/ui@1/dist/ui.browser.js:1:11766)
[WebServer]     at e.ensureMounted (https://enabling-gannet-9.clerk.accounts.dev/npm/@clerk/ui@1/dist/ui.browser.js:1:12288)
[WebServer]     at <unknown> (https://enabling-gannet-9.clerk.accounts.dev/npm/@clerk/clerk-js@6/dist/clerk.browser.js:18:221223)
[WebServer] [browser] ⨯ unhandledRejection: ChunkLoadError: Loading chunk 26 failed.
[WebServer] (error: https://enabling-gannet-9.clerk.accounts.dev/npm/@clerk/ui@1.25.3/dist/framework_ui_021ae8_1.25.3.js)
[WebServer]     at i.f.j (https://enabling-gannet-9.clerk.accounts.dev/npm/@clerk/ui@1/dist/ui.browser.js:21:42560)
[WebServer]     at <unknown> (https://enabling-gannet-9.clerk.accounts.dev/npm/@clerk/ui@1/dist/ui.browser.js:21:39693)
[WebServer]     at Array.reduce (<anonymous>)
[WebServer]     at i.e (https://enabling-gannet-9.clerk.accounts.dev/npm/@clerk/ui@1/dist/ui.browser.js:21:39672)
[WebServer]     at Object.ensureMounted (https://enabling-gannet-9.clerk.accounts.dev/npm/@clerk/ui@1/dist/ui.browser.js:1:11766)
[WebServer]     at e.ensureMounted (https://enabling-gannet-9.clerk.accounts.dev/npm/@clerk/ui@1/dist/ui.browser.js:1:12288)
[WebServer]     at <unknown> (https://enabling-gannet-9.clerk.accounts.dev/npm/@clerk/clerk-js@6/dist/clerk.browser.js:18:221223)
[WebServer] [browser] ⨯ unhandledRejection: ChunkLoadError: Loading chunk 26 failed.
[WebServer] (error: https://enabling-gannet-9.clerk.accounts.dev/npm/@clerk/ui@1.25.3/dist/framework_ui_021ae8_1.25.3.js)
[WebServer]     at i.f.j (https://enabling-gannet-9.clerk.accounts.dev/npm/@clerk/ui@1/dist/ui.browser.js:21:42560)
[WebServer]     at <unknown> (https://enabling-gannet-9.clerk.accounts.dev/npm/@clerk/ui@1/dist/ui.browser.js:21:39693)
[WebServer]     at Array.reduce (<anonymous>)
[WebServer]     at i.e (https://enabling-gannet-9.clerk.accounts.dev/npm/@clerk/ui@1/dist/ui.browser.js:21:39672)
[WebServer]     at Object.ensureMounted (https://enabling-gannet-9.clerk.accounts.dev/npm/@clerk/ui@1/dist/ui.browser.js:1:11766)
[WebServer]     at e.ensureMounted (https://enabling-gannet-9.clerk.accounts.dev/npm/@clerk/ui@1/dist/ui.browser.js:1:12288)
[WebServer]     at <unknown> (https://enabling-gannet-9.clerk.accounts.dev/npm/@clerk/clerk-js@6/dist/clerk.browser.js:18:221223)
[WebServer] [browser] ⨯ unhandledRejection: ChunkLoadError: Loading chunk 26 failed.
[WebServer] (error: https://enabling-gannet-9.clerk.accounts.dev/npm/@clerk/ui@1.25.3/dist/framework_ui_021ae8_1.25.3.js)
[WebServer]     at i.f.j (https://enabling-gannet-9.clerk.accounts.dev/npm/@clerk/ui@1/dist/ui.browser.js:21:42560)
[WebServer]     at <unknown> (https://enabling-gannet-9.clerk.accounts.dev/npm/@clerk/ui@1/dist/ui.browser.js:21:39693)
[WebServer]     at Array.reduce (<anonymous>)
[WebServer]     at i.e (https://enabling-gannet-9.clerk.accounts.dev/npm/@clerk/ui@1/dist/ui.browser.js:21:39672)
[WebServer]     at Object.ensureMounted (https://enabling-gannet-9.clerk.accounts.dev/npm/@clerk/ui@1/dist/ui.browser.js:1:11766)
[WebServer]     at e.ensureMounted (https://enabling-gannet-9.clerk.accounts.dev/npm/@clerk/ui@1/dist/ui.browser.js:1:12288)
[WebServer]     at <unknown> (https://enabling-gannet-9.clerk.accounts.dev/npm/@clerk/clerk-js@6/dist/clerk.browser.js:18:221223)
  ok  87 [chromium] › e2e\sprint26-grounded-ai.spec.ts:35:7 › Sprint 26 grounded assistance › Flow H — offline text persists and parse is disabled without auto-send (5.9s)
[WebServer] [browser] Clerk: Clerk has been loaded with development keys. Development instances have strict usage limits and should not be used when deploying your application to production. Learn more: https://clerk.com/docs/deployments/overview (https://enabling-gannet-9.clerk.accounts.dev/npm/@clerk/clerk-js@6/dist/clerk.browser.js:12:6133)
[WebServer] [browser] Clerk: Clerk has been loaded with development keys. Development instances have strict usage limits and should not be used when deploying your application to production. Learn more: https://clerk.com/docs/deployments/overview (https://enabling-gannet-9.clerk.accounts.dev/npm/@clerk/clerk-js@6/dist/clerk.browser.js:12:6133)
  ok  88 [chromium] › e2e\sprint26-grounded-ai.spec.ts:51:7 › Sprint 26 grounded assistance › Flow J — mobile-width briefing and review have no horizontal overflow (5.4s)
[WebServer] [browser] Clerk: Clerk has been loaded with development keys. Development instances have strict usage limits and should not be used when deploying your application to production. Learn more: https://clerk.com/docs/deployments/overview (https://enabling-gannet-9.clerk.accounts.dev/npm/@clerk/clerk-js@6/dist/clerk.browser.js:12:6133)
[WebServer] [browser] Clerk: Clerk has been loaded with development keys. Development instances have strict usage limits and should not be used when deploying your application to production. Learn more: https://clerk.com/docs/deployments/overview (https://enabling-gannet-9.clerk.accounts.dev/npm/@clerk/clerk-js@6/dist/clerk.browser.js:12:6133)
  ok  89 [chromium] › e2e\sprint26-grounded-ai.spec.ts:57:7 › Sprint 26 grounded assistance › multi-activity — creates separate unreviewed drafts, never one merged submission (10.1s)
[WebServer] [browser] Clerk: Clerk has been loaded with development keys. Development instances have strict usage limits and should not be used when deploying your application to production. Learn more: https://clerk.com/docs/deployments/overview (https://enabling-gannet-9.clerk.accounts.dev/npm/@clerk/clerk-js@6/dist/clerk.browser.js:12:6133)
[WebServer] [browser] Clerk: Clerk has been loaded with development keys. Development instances have strict usage limits and should not be used when deploying your application to production. Learn more: https://clerk.com/docs/deployments/overview (https://enabling-gannet-9.clerk.accounts.dev/npm/@clerk/clerk-js@6/dist/clerk.browser.js:12:6133)
  ok  90 [chromium] › e2e\sprint26-grounded-ai.spec.ts:67:7 › Sprint 26 grounded assistance › Flow I — deterministic voice UI produces editable transcript and retains no audio (6.1s)
[WebServer] [browser] Clerk: Clerk has been loaded with development keys. Development instances have strict usage limits and should not be used when deploying your application to production. Learn more: https://clerk.com/docs/deployments/overview (https://enabling-gannet-9.clerk.accounts.dev/npm/@clerk/clerk-js@6/dist/clerk.browser.js:12:6133)
[WebServer] [browser] Clerk: Clerk has been loaded with development keys. Development instances have strict usage limits and should not be used when deploying your application to production. Learn more: https://clerk.com/docs/deployments/overview (https://enabling-gannet-9.clerk.accounts.dev/npm/@clerk/clerk-js@6/dist/clerk.browser.js:12:6133)
  ok  91 [chromium] › e2e\sprint26-grounded-ai.spec.ts:80:7 › Sprint 26 grounded assistance › security — injection, fake IDs, HTML and oversized input cannot create an Activity (6.0s)
[dotenv@17.2.2] injecting env (0) from .env.e2e -- tip: 🔐 prevent building .env in docker: https://dotenvx.com/prebuild
[WebServer] [browser] Clerk: Clerk has been loaded with development keys. Development instances have strict usage limits and should not be used when deploying your application to production. Learn more: https://clerk.com/docs/deployments/overview (https://enabling-gannet-9.clerk.accounts.dev/npm/@clerk/clerk-js@6.25.3/dist/clerk.browser.js:12:6137)
  ok  92 [mobile-iphone12] › e2e\mobile\critical-flow.spec.ts:10:5 › dashboard has no horizontal scroll and the mobile nav toggle works (3.5s)
  ok  93 [mobile-iphone12] › e2e\mobile\critical-flow.spec.ts:29:5 › mobile FAB is reachable and does not sit under other controls (1.7s)
[WebServer] [browser] Clerk: Clerk has been loaded with development keys. Development instances have strict usage limits and should not be used when deploying your application to production. Learn more: https://clerk.com/docs/deployments/overview (https://enabling-gannet-9.clerk.accounts.dev/npm/@clerk/clerk-js@6.25.3/dist/clerk.browser.js:12:6137)
  ok  94 [mobile-iphone12] › e2e\mobile\critical-flow.spec.ts:40:5 › recording an activity end-to-end from the mobile FAB (3.5s)
[WebServer] [browser] Clerk: Clerk has been loaded with development keys. Development instances have strict usage limits and should not be used when deploying your application to production. Learn more: https://clerk.com/docs/deployments/overview (https://enabling-gannet-9.clerk.accounts.dev/npm/@clerk/clerk-js@6.25.3/dist/clerk.browser.js:12:6137)
  ok  95 [mobile-iphone12] › e2e\mobile\critical-flow.spec.ts:65:5 › numeric fields use a numeric input mode where applicable (2.1s)
  ok  96 [mobile-iphone12] › e2e\mobile\critical-flow.spec.ts:73:5 › offline queue status and controls fit the mobile viewport (3.0s)
[dotenv@17.2.2] injecting env (0) from .env.e2e -- tip: 🔐 encrypt with Dotenvx: https://dotenvx.com
[WebServer] [browser] Clerk: Clerk has been loaded with development keys. Development instances have strict usage limits and should not be used when deploying your application to production. Learn more: https://clerk.com/docs/deployments/overview (https://enabling-gannet-9.clerk.accounts.dev/npm/@clerk/clerk-js@6.25.3/dist/clerk.browser.js:12:6137)
  ok  97 [mobile-iphone14promax] › e2e\mobile\critical-flow.spec.ts:10:5 › dashboard has no horizontal scroll and the mobile nav toggle works (3.3s)
[WebServer] [browser] Clerk: Clerk has been loaded with development keys. Development instances have strict usage limits and should not be used when deploying your application to production. Learn more: https://clerk.com/docs/deployments/overview (https://enabling-gannet-9.clerk.accounts.dev/npm/@clerk/clerk-js@6.25.3/dist/clerk.browser.js:12:6137)
  ok  98 [mobile-iphone14promax] › e2e\mobile\critical-flow.spec.ts:29:5 › mobile FAB is reachable and does not sit under other controls (2.8s)
[WebServer] [browser] Clerk: Clerk has been loaded with development keys. Development instances have strict usage limits and should not be used when deploying your application to production. Learn more: https://clerk.com/docs/deployments/overview (https://enabling-gannet-9.clerk.accounts.dev/npm/@clerk/clerk-js@6.25.3/dist/clerk.browser.js:12:6137)
  ok  99 [mobile-iphone14promax] › e2e\mobile\critical-flow.spec.ts:40:5 › recording an activity end-to-end from the mobile FAB (3.7s)
[WebServer] [browser] Clerk: Clerk has been loaded with development keys. Development instances have strict usage limits and should not be used when deploying your application to production. Learn more: https://clerk.com/docs/deployments/overview (https://enabling-gannet-9.clerk.accounts.dev/npm/@clerk/clerk-js@6.25.3/dist/clerk.browser.js:12:6137)
  ok 100 [mobile-iphone14promax] › e2e\mobile\critical-flow.spec.ts:65:5 › numeric fields use a numeric input mode where applicable (2.4s)
[WebServer] [browser] Clerk: Clerk has been loaded with development keys. Development instances have strict usage limits and should not be used when deploying your application to production. Learn more: https://clerk.com/docs/deployments/overview (https://enabling-gannet-9.clerk.accounts.dev/npm/@clerk/clerk-js@6.25.3/dist/clerk.browser.js:12:6137)
  ok 101 [mobile-iphone14promax] › e2e\mobile\critical-flow.spec.ts:73:5 › offline queue status and controls fit the mobile viewport (1.6s)

  1 skipped
  100 passed (10.8m)
